<metadata xml:lang="en"><Esri><CreaDate>20221201</CreaDate><CreaTime>23174400</CreaTime><ArcGISFormat>1.0</ArcGISFormat><SyncOnce>FALSE</SyncOnce><DataProperties><lineage><Process ToolSource="c:\program files\arcgis\pro\Resources\ArcToolbox\toolboxes\Data Management Tools.tbx\UpdateSchema" Date="20221201" Time="231744">UpdateSchema "CIMDATA=&lt;CIMStandardDataConnection xsi:type='typens:CIMStandardDataConnection' xmlns:xsi='http://www.w3.org/2001/XMLSchema-instance' xmlns:xs='http://www.w3.org/2001/XMLSchema' xmlns:typens='http://www.esri.com/schemas/ArcGIS/3.0.0'&gt;&lt;WorkspaceConnectionString&gt;DATABASE=C:\Users\didar\Downloads&lt;/WorkspaceConnectionString&gt;&lt;WorkspaceFactory&gt;Shapefile&lt;/WorkspaceFactory&gt;&lt;Dataset&gt;VILLAGE_MOI_1110902.shp&lt;/Dataset&gt;&lt;DatasetType&gt;esriDTFeatureClass&lt;/DatasetType&gt;&lt;/CIMStandardDataConnection&gt;" &lt;operationSequence&gt;&lt;workflow&gt;&lt;AddField&gt;&lt;field_name&gt;uniq_key&lt;/field_name&gt;&lt;field_type&gt;LONG&lt;/field_type&gt;&lt;field_is_nullable&gt;False&lt;/field_is_nullable&gt;&lt;field_is_required&gt;False&lt;/field_is_required&gt;&lt;/AddField&gt;&lt;/workflow&gt;&lt;/operationSequence&gt;</Process><Process ToolSource="c:\program files\arcgis\pro\Resources\ArcToolbox\toolboxes\Data Management Tools.tbx\CalculateField" Date="20221201" Time="231828">CalculateField VILLAGE_MOI_1110902 uniq_key '!COUNTYCODE!'+'!TOWNCODE!' "Python 3" # Text NO_ENFORCE_DOMAINS</Process><Process ToolSource="c:\program files\arcgis\pro\Resources\ArcToolbox\toolboxes\Data Management Tools.tbx\CalculateField" Date="20221201" Time="232019">CalculateField VILLAGE_MOI_1110902 uniq_key str(!COUNTYCODE!)+str(!TOWNCODE!) "Python 3" # Text NO_ENFORCE_DOMAINS</Process><Process ToolSource="c:\program files\arcgis\pro\Resources\ArcToolbox\toolboxes\Data Management Tools.tbx\CalculateField" Date="20221201" Time="232630">CalculateField VILLAGE_MOI_1110902 uniq_key !TOWNCODE! "Python 3" # Text NO_ENFORCE_DOMAINS</Process><Process ToolSource="c:\program files\arcgis\pro\Resources\ArcToolbox\toolboxes\Data Management Tools.tbx\UpdateSchema" Date="20221201" Time="233942">UpdateSchema "CIMDATA=&lt;CIMStandardDataConnection xsi:type='typens:CIMStandardDataConnection' xmlns:xsi='http://www.w3.org/2001/XMLSchema-instance' xmlns:xs='http://www.w3.org/2001/XMLSchema' xmlns:typens='http://www.esri.com/schemas/ArcGIS/3.0.0'&gt;&lt;WorkspaceConnectionString&gt;DATABASE=C:\Users\didar\Downloads&lt;/WorkspaceConnectionString&gt;&lt;WorkspaceFactory&gt;Shapefile&lt;/WorkspaceFactory&gt;&lt;Dataset&gt;VILLAGE_MOI_1110902&lt;/Dataset&gt;&lt;DatasetType&gt;esriDTFeatureClass&lt;/DatasetType&gt;&lt;/CIMStandardDataConnection&gt;" &lt;operationSequence&gt;&lt;workflow&gt;&lt;AddField&gt;&lt;field_name&gt;town_int&lt;/field_name&gt;&lt;field_type&gt;LONG&lt;/field_type&gt;&lt;field_is_nullable&gt;False&lt;/field_is_nullable&gt;&lt;field_is_required&gt;False&lt;/field_is_required&gt;&lt;/AddField&gt;&lt;/workflow&gt;&lt;/operationSequence&gt;</Process><Process ToolSource="c:\program files\arcgis\pro\Resources\ArcToolbox\toolboxes\Data Management Tools.tbx\CalculateField" Date="20221201" Time="234307">CalculateField VILLAGE_MOI_1110902 town_int !TOWNID! "Python 3" # Text NO_ENFORCE_DOMAINS</Process><Process ToolSource="c:\program files\arcgis\pro\Resources\ArcToolbox\toolboxes\Data Management Tools.tbx\UpdateSchema" Date="20221201" Time="234352">UpdateSchema "CIMDATA=&lt;CIMStandardDataConnection xsi:type='typens:CIMStandardDataConnection' xmlns:xsi='http://www.w3.org/2001/XMLSchema-instance' xmlns:xs='http://www.w3.org/2001/XMLSchema' xmlns:typens='http://www.esri.com/schemas/ArcGIS/3.0.0'&gt;&lt;WorkspaceConnectionString&gt;DATABASE=C:\Users\didar\Downloads&lt;/WorkspaceConnectionString&gt;&lt;WorkspaceFactory&gt;Shapefile&lt;/WorkspaceFactory&gt;&lt;Dataset&gt;VILLAGE_MOI_1110902.shp&lt;/Dataset&gt;&lt;DatasetType&gt;esriDTFeatureClass&lt;/DatasetType&gt;&lt;/CIMStandardDataConnection&gt;" &lt;operationSequence&gt;&lt;workflow&gt;&lt;AddField&gt;&lt;field_name&gt;town_id&lt;/field_name&gt;&lt;field_type&gt;LONG&lt;/field_type&gt;&lt;field_is_nullable&gt;False&lt;/field_is_nullable&gt;&lt;field_is_required&gt;False&lt;/field_is_required&gt;&lt;/AddField&gt;&lt;/workflow&gt;&lt;/operationSequence&gt;</Process><Process ToolSource="c:\program files\arcgis\pro\Resources\ArcToolbox\toolboxes\Data Management Tools.tbx\DeleteField" Date="20221201" Time="234403">DeleteField VILLAGE_MOI_1110902 town_int "Delete Fields"</Process><Process ToolSource="c:\program files\arcgis\pro\Resources\ArcToolbox\toolboxes\Data Management Tools.tbx\CalculateField" Date="20221201" Time="234434">CalculateField VILLAGE_MOI_1110902 town_id !TOWNCODE! "Python 3" # Text NO_ENFORCE_DOMAINS</Process><Process ToolSource="c:\program files\arcgis\pro\Resources\ArcToolbox\toolboxes\Conversion Tools.tbx\ExportFeatures" Date="20221201" Time="235601">ExportFeatures VILLAGE_MOI_1110902 C:\Users\didar\Downloads\CIVENG_ESPM\CIVENG_ESPM\FinalProject\FinalProject.gdb\VILLAGE_MOI # NOT_USE_ALIAS "VILLCODE "VILLCODE" true true false 18 Text 0 0,First,#,VILLAGE_MOI_1110902,VILLAGE_MOI_1110902.VILLCODE,0,18;COUNTYNAME "COUNTYNAME" true true false 12 Text 0 0,First,#,VILLAGE_MOI_1110902,VILLAGE_MOI_1110902.COUNTYNAME,0,12;TOWNNAME "TOWNNAME" true true false 12 Text 0 0,First,#,VILLAGE_MOI_1110902,VILLAGE_MOI_1110902.TOWNNAME,0,12;VILLNAME "VILLNAME" true true false 39 Text 0 0,First,#,VILLAGE_MOI_1110902,VILLAGE_MOI_1110902.VILLNAME,0,39;VILLENG "VILLENG" true true false 39 Text 0 0,First,#,VILLAGE_MOI_1110902,VILLAGE_MOI_1110902.VILLENG,0,39;COUNTYID "COUNTYID" true true false 3 Text 0 0,First,#,VILLAGE_MOI_1110902,VILLAGE_MOI_1110902.COUNTYID,0,3;COUNTYCODE "COUNTYCODE" true true false 8 Text 0 0,First,#,VILLAGE_MOI_1110902,VILLAGE_MOI_1110902.COUNTYCODE,0,8;TOWNID "TOWNID" true true false 8 Text 0 0,First,#,VILLAGE_MOI_1110902,VILLAGE_MOI_1110902.TOWNID,0,8;TOWNCODE "TOWNCODE" true true false 12 Text 0 0,First,#,VILLAGE_MOI_1110902,VILLAGE_MOI_1110902.TOWNCODE,0,12;NOTE "NOTE" true true false 30 Text 0 0,First,#,VILLAGE_MOI_1110902,VILLAGE_MOI_1110902.NOTE,0,30;uniq_key "uniq_key" true true false 10 Long 0 10,First,#,VILLAGE_MOI_1110902,VILLAGE_MOI_1110902.uniq_key,-1,-1;town_id "town_id" true true false 10 Long 0 10,First,#,VILLAGE_MOI_1110902,VILLAGE_MOI_1110902.town_id,-1,-1;COUNTY_ID "COUNTY_ID" true true false 4 Long 0 0,First,#,VILLAGE_MOI_1110902,Population2.csv.COUNTY_ID,-1,-1;TOWN_ID "TOWN_ID" true true false 4 Long 0 0,First,#,VILLAGE_MOI_1110902,Population2.csv.TOWN_ID,-1,-1;TOWN "TOWN" true true false 8000 Text 0 0,First,#,VILLAGE_MOI_1110902,Population2.csv.TOWN,0,8000;Number of Households "Number of Households" true true false 4 Long 0 0,First,#,VILLAGE_MOI_1110902,Population2.csv.Number of Households,-1,-1;Population Total "Population Total" true true false 4 Long 0 0,First,#,VILLAGE_MOI_1110902,Population2.csv.Population Total,-1,-1;Population_male "Population_male" true true false 4 Long 0 0,First,#,VILLAGE_MOI_1110902,Population2.csv.Population_male,-1,-1;Population_female "Population_female" true true false 4 Long 0 0,First,#,VILLAGE_MOI_1110902,Population2.csv.Population_female,-1,-1" #</Process><Process ToolSource="c:\program files\arcgis\pro\Resources\ArcToolbox\toolboxes\Data Management Tools.tbx\UpdateSchema" Date="20221202" Time="000138">UpdateSchema "CIMDATA=&lt;CIMStandardDataConnection xsi:type='typens:CIMStandardDataConnection' xmlns:xsi='http://www.w3.org/2001/XMLSchema-instance' xmlns:xs='http://www.w3.org/2001/XMLSchema' xmlns:typens='http://www.esri.com/schemas/ArcGIS/3.0.0'&gt;&lt;WorkspaceConnectionString&gt;DATABASE=C:\Users\didar\Downloads\CIVENG_ESPM\CIVENG_ESPM\FinalProject\FinalProject.gdb&lt;/WorkspaceConnectionString&gt;&lt;WorkspaceFactory&gt;FileGDB&lt;/WorkspaceFactory&gt;&lt;Dataset&gt;VILLAGE_MOI&lt;/Dataset&gt;&lt;DatasetType&gt;esriDTFeatureClass&lt;/DatasetType&gt;&lt;/CIMStandardDataConnection&gt;" &lt;operationSequence&gt;&lt;workflow&gt;&lt;AddField&gt;&lt;field_name&gt;town_name&lt;/field_name&gt;&lt;field_type&gt;TEXT&lt;/field_type&gt;&lt;field_length&gt;255&lt;/field_length&gt;&lt;field_is_nullable&gt;True&lt;/field_is_nullable&gt;&lt;field_is_required&gt;False&lt;/field_is_required&gt;&lt;/AddField&gt;&lt;/workflow&gt;&lt;/operationSequence&gt;</Process><Process ToolSource="c:\program files\arcgis\pro\Resources\ArcToolbox\toolboxes\Data Management Tools.tbx\CalculateField" Date="20221202" Time="000155">CalculateField VILLAGE_MOI town_name !TOWN! "Python 3" # Text NO_ENFORCE_DOMAINS</Process><Process ToolSource="c:\program files\arcgis\pro\Resources\ArcToolbox\toolboxes\Data Management Tools.tbx\CalculateField" Date="20221202" Time="000640">CalculateField VILLAGE_MOI town_name !TOWN!.strip('District') "Python 3" # Text NO_ENFORCE_DOMAINS</Process><Process ToolSource="c:\program files\arcgis\pro\Resources\ArcToolbox\toolboxes\Data Management Tools.tbx\CalculateField" Date="20221202" Time="001045">CalculateField VILLAGE_MOI town_name 'Daan' "Python 3" # Text NO_ENFORCE_DOMAINS</Process><Process ToolSource="c:\program files\arcgis\pro\Resources\ArcToolbox\toolboxes\Data Management Tools.tbx\CalculateField" Date="20221202" Time="001114">CalculateField VILLAGE_MOI town_name 'Datong' "Python 3" # Text NO_ENFORCE_DOMAINS</Process><Process ToolSource="c:\program files\arcgis\pro\Resources\ArcToolbox\toolboxes\Data Management Tools.tbx\CalculateField" Date="20221202" Time="001339">CalculateField VILLAGE_MOI town_name 'Beitou' "Python 3" # Text NO_ENFORCE_DOMAINS</Process><Process ToolSource="c:\program files\arcgis\pro\Resources\ArcToolbox\toolboxes\Data Management Tools.tbx\CalculateField" Date="20221202" Time="001431">CalculateField VILLAGE_MOI town_name 'Nangang' "Python 3" # Text NO_ENFORCE_DOMAINS</Process><Process ToolSource="c:\program files\arcgis\pro\Resources\ArcToolbox\toolboxes\Data Management Tools.tbx\CalculateField" Date="20221202" Time="001458">CalculateField VILLAGE_MOI town_name 'Neihu' "Python 3" # Text NO_ENFORCE_DOMAINS</Process><Process ToolSource="c:\program files\arcgis\pro\Resources\ArcToolbox\toolboxes\Data Management Tools.tbx\CalculateField" Date="20221202" Time="001527">CalculateField VILLAGE_MOI town_name 'Shilin' "Python 3" # Text NO_ENFORCE_DOMAINS</Process><Process ToolSource="c:\program files\arcgis\pro\Resources\ArcToolbox\toolboxes\Data Management Tools.tbx\CalculateField" Date="20221202" Time="001557">CalculateField VILLAGE_MOI town_name 'Songshan' "Python 3" # Text NO_ENFORCE_DOMAINS</Process><Process ToolSource="c:\program files\arcgis\pro\Resources\ArcToolbox\toolboxes\Data Management Tools.tbx\CalculateField" Date="20221202" Time="001633">CalculateField VILLAGE_MOI town_name 'Wanhua' "Python 3" # Text NO_ENFORCE_DOMAINS</Process><Process ToolSource="c:\program files\arcgis\pro\Resources\ArcToolbox\toolboxes\Data Management Tools.tbx\CalculateField" Date="20221202" Time="001710">CalculateField VILLAGE_MOI town_name 'Wenshan' "Python 3" # Text NO_ENFORCE_DOMAINS</Process><Process ToolSource="c:\program files\arcgis\pro\Resources\ArcToolbox\toolboxes\Data Management Tools.tbx\CalculateField" Date="20221202" Time="001741">CalculateField VILLAGE_MOI town_name 'Xinyi' "Python 3" # Text NO_ENFORCE_DOMAINS</Process><Process ToolSource="c:\program files\arcgis\pro\Resources\ArcToolbox\toolboxes\Data Management Tools.tbx\CalculateField" Date="20221202" Time="001815">CalculateField VILLAGE_MOI town_name 'Zhongshan' "Python 3" # Text NO_ENFORCE_DOMAINS</Process><Process ToolSource="c:\program files\arcgis\pro\Resources\ArcToolbox\toolboxes\Data Management Tools.tbx\CalculateField" Date="20221202" Time="001911">CalculateField VILLAGE_MOI town_name 'Zhongzheng' "Python 3" # Text NO_ENFORCE_DOMAINS</Process><Process ToolSource="c:\program files\arcgis\pro\Resources\ArcToolbox\toolboxes\Data Management Tools.tbx\UpdateSchema" Date="20221202" Time="002435">UpdateSchema "CIMDATA=&lt;CIMStandardDataConnection xsi:type='typens:CIMStandardDataConnection' xmlns:xsi='http://www.w3.org/2001/XMLSchema-instance' xmlns:xs='http://www.w3.org/2001/XMLSchema' xmlns:typens='http://www.esri.com/schemas/ArcGIS/3.0.0'&gt;&lt;WorkspaceConnectionString&gt;DATABASE=C:\Users\didar\Downloads\CIVENG_ESPM\CIVENG_ESPM\FinalProject\FinalProject.gdb&lt;/WorkspaceConnectionString&gt;&lt;WorkspaceFactory&gt;FileGDB&lt;/WorkspaceFactory&gt;&lt;Dataset&gt;VILLAGE_MOI&lt;/Dataset&gt;&lt;DatasetType&gt;esriDTFeatureClass&lt;/DatasetType&gt;&lt;/CIMStandardDataConnection&gt;" &lt;operationSequence&gt;&lt;workflow&gt;&lt;AddField&gt;&lt;field_name&gt;edu_doctro_total&lt;/field_name&gt;&lt;field_type&gt;LONG&lt;/field_type&gt;&lt;field_is_nullable&gt;True&lt;/field_is_nullable&gt;&lt;field_is_required&gt;False&lt;/field_is_required&gt;&lt;/AddField&gt;&lt;/workflow&gt;&lt;/operationSequence&gt;</Process><Process ToolSource="c:\program files\arcgis\pro\Resources\ArcToolbox\toolboxes\Data Management Tools.tbx\UpdateSchema" Date="20221202" Time="002644">UpdateSchema "CIMDATA=&lt;CIMStandardDataConnection xsi:type='typens:CIMStandardDataConnection' xmlns:xsi='http://www.w3.org/2001/XMLSchema-instance' xmlns:xs='http://www.w3.org/2001/XMLSchema' xmlns:typens='http://www.esri.com/schemas/ArcGIS/3.0.0'&gt;&lt;WorkspaceConnectionString&gt;DATABASE=C:\Users\didar\Downloads\CIVENG_ESPM\CIVENG_ESPM\FinalProject\FinalProject.gdb&lt;/WorkspaceConnectionString&gt;&lt;WorkspaceFactory&gt;FileGDB&lt;/WorkspaceFactory&gt;&lt;Dataset&gt;VILLAGE_MOI&lt;/Dataset&gt;&lt;DatasetType&gt;esriDTFeatureClass&lt;/DatasetType&gt;&lt;/CIMStandardDataConnection&gt;" &lt;operationSequence&gt;&lt;workflow&gt;&lt;AddField&gt;&lt;field_name&gt;edu_uni_und_total&lt;/field_name&gt;&lt;field_type&gt;LONG&lt;/field_type&gt;&lt;field_is_nullable&gt;True&lt;/field_is_nullable&gt;&lt;field_is_required&gt;False&lt;/field_is_required&gt;&lt;/AddField&gt;&lt;/workflow&gt;&lt;workflow&gt;&lt;AddField&gt;&lt;field_name&gt;Field&lt;/field_name&gt;&lt;field_type&gt;LONG&lt;/field_type&gt;&lt;field_is_nullable&gt;True&lt;/field_is_nullable&gt;&lt;field_is_required&gt;False&lt;/field_is_required&gt;&lt;/AddField&gt;&lt;/workflow&gt;&lt;/operationSequence&gt;</Process><Process ToolSource="c:\program files\arcgis\pro\Resources\ArcToolbox\toolboxes\Conversion Tools.tbx\ExportFeatures" Date="20221202" Time="003010">ExportFeatures VILLAGE_MOI C:\Users\didar\Downloads\CIVENG_ESPM\CIVENG_ESPM\FinalProject\FinalProject.gdb\VILLAGE_MOI_processed # NOT_USE_ALIAS "VILLCODE "VILLCODE" true true false 18 Text 0 0,First,#,VILLAGE_MOI,VILLAGE_MOI.VILLCODE,0,18;COUNTYNAME "COUNTYNAME" true true false 12 Text 0 0,First,#,VILLAGE_MOI,VILLAGE_MOI.COUNTYNAME,0,12;TOWNNAME "TOWNNAME" true true false 12 Text 0 0,First,#,VILLAGE_MOI,VILLAGE_MOI.TOWNNAME,0,12;VILLNAME "VILLNAME" true true false 39 Text 0 0,First,#,VILLAGE_MOI,VILLAGE_MOI.VILLNAME,0,39;VILLENG "VILLENG" true true false 39 Text 0 0,First,#,VILLAGE_MOI,VILLAGE_MOI.VILLENG,0,39;COUNTYID "COUNTYID" true true false 3 Text 0 0,First,#,VILLAGE_MOI,VILLAGE_MOI.COUNTYID,0,3;COUNTYCODE "COUNTYCODE" true true false 8 Text 0 0,First,#,VILLAGE_MOI,VILLAGE_MOI.COUNTYCODE,0,8;TOWNID "TOWNID" true true false 8 Text 0 0,First,#,VILLAGE_MOI,VILLAGE_MOI.TOWNID,0,8;TOWNCODE "TOWNCODE" true true false 12 Text 0 0,First,#,VILLAGE_MOI,VILLAGE_MOI.TOWNCODE,0,12;NOTE "NOTE" true true false 30 Text 0 0,First,#,VILLAGE_MOI,VILLAGE_MOI.NOTE,0,30;uniq_key "uniq_key" true true false 4 Long 0 0,First,#,VILLAGE_MOI,VILLAGE_MOI.uniq_key,-1,-1;town_id "town_id" true true false 4 Long 0 0,First,#,VILLAGE_MOI,VILLAGE_MOI.town_id,-1,-1;COUNTY_ID "COUNTY_ID" true true false 4 Long 0 0,First,#,VILLAGE_MOI,VILLAGE_MOI.COUNTY_ID,-1,-1;TOWN_ID_1 "TOWN_ID" true true false 4 Long 0 0,First,#,VILLAGE_MOI,VILLAGE_MOI.TOWN_ID_1,-1,-1;TOWN "TOWN" true true false 8000 Text 0 0,First,#,VILLAGE_MOI,VILLAGE_MOI.TOWN,0,8000;Number_of_Households "Number of Households" true true false 4 Long 0 0,First,#,VILLAGE_MOI,VILLAGE_MOI.Number_of_Households,-1,-1;Population_Total "Population Total" true true false 4 Long 0 0,First,#,VILLAGE_MOI,VILLAGE_MOI.Population_Total,-1,-1;Population_male "Population_male" true true false 4 Long 0 0,First,#,VILLAGE_MOI,VILLAGE_MOI.Population_male,-1,-1;Population_female "Population_female" true true false 4 Long 0 0,First,#,VILLAGE_MOI,VILLAGE_MOI.Population_female,-1,-1;Shape_Length "Shape_Length" false true true 8 Double 0 0,First,#,VILLAGE_MOI,VILLAGE_MOI.Shape_Length,-1,-1;Shape_Area "Shape_Area" false true true 8 Double 0 0,First,#,VILLAGE_MOI,VILLAGE_MOI.Shape_Area,-1,-1;town_name "town_name" true true false 255 Text 0 0,First,#,VILLAGE_MOI,VILLAGE_MOI.town_name,0,255;edu_doctro_total "edu_doctro_total" true true false 4 Long 0 0,First,#,VILLAGE_MOI,VILLAGE_MOI.edu_doctro_total,-1,-1;edu_uni_und_total "edu_uni_und_total" true true false 4 Long 0 0,First,#,VILLAGE_MOI,VILLAGE_MOI.edu_uni_und_total,-1,-1;statistic_yyy "statistic_yyy" true true false 4 Long 0 0,First,#,VILLAGE_MOI,taipei_education_2021.csv.statistic_yyy,-1,-1;site_id "site_id" true true false 8000 Text 0 0,First,#,VILLAGE_MOI,taipei_education_2021.csv.site_id,0,8000;edu_age_15up_total "edu_age_15up_total" true true false 4 Long 0 0,First,#,VILLAGE_MOI,taipei_education_2021.csv.edu_age_15up_total,-1,-1;edu_doctor_graduated_m "edu_doctor_graduated_m" true true false 4 Long 0 0,First,#,VILLAGE_MOI,taipei_education_2021.csv.edu_doctor_graduated_m,-1,-1;edu_doctor_graduated_f "edu_doctor_graduated_f" true true false 4 Long 0 0,First,#,VILLAGE_MOI,taipei_education_2021.csv.edu_doctor_graduated_f,-1,-1;edu_doctor_ungraduated_m "edu_doctor_ungraduated_m" true true false 4 Long 0 0,First,#,VILLAGE_MOI,taipei_education_2021.csv.edu_doctor_ungraduated_m,-1,-1;edu_doctor_ungraduated_f "edu_doctor_ungraduated_f" true true false 4 Long 0 0,First,#,VILLAGE_MOI,taipei_education_2021.csv.edu_doctor_ungraduated_f,-1,-1;edu_master_graduated_m "edu_master_graduated_m" true true false 4 Long 0 0,First,#,VILLAGE_MOI,taipei_education_2021.csv.edu_master_graduated_m,-1,-1;edu_master_graduated_f "edu_master_graduated_f" true true false 4 Long 0 0,First,#,VILLAGE_MOI,taipei_education_2021.csv.edu_master_graduated_f,-1,-1;edu_master_ungraduated_m "edu_master_ungraduated_m" true true false 4 Long 0 0,First,#,VILLAGE_MOI,taipei_education_2021.csv.edu_master_ungraduated_m,-1,-1;edu_master_ungraduated_f "edu_master_ungraduated_f" true true false 4 Long 0 0,First,#,VILLAGE_MOI,taipei_education_2021.csv.edu_master_ungraduated_f,-1,-1;edu_university_graduated_m "edu_university_graduated_m" true true false 4 Long 0 0,First,#,VILLAGE_MOI,taipei_education_2021.csv.edu_university_graduated_m,-1,-1;edu_university_graduated_f "edu_university_graduated_f" true true false 4 Long 0 0,First,#,VILLAGE_MOI,taipei_education_2021.csv.edu_university_graduated_f,-1,-1;edu_university_ungraduated_m "edu_university_ungraduated_m" true true false 4 Long 0 0,First,#,VILLAGE_MOI,taipei_education_2021.csv.edu_university_ungraduated_m,-1,-1;edu_university_ungraduated_f "edu_university_ungraduated_f" true true false 4 Long 0 0,First,#,VILLAGE_MOI,taipei_education_2021.csv.edu_university_ungraduated_f,-1,-1;edu_juniorcollege_2ys_graduated_m "edu_juniorcollege_2ys_graduated_m" true true false 4 Long 0 0,First,#,VILLAGE_MOI,taipei_education_2021.csv.edu_juniorcollege_2ys_graduated_m,-1,-1;edu_juniorcollege_2ys_graduated_f "edu_juniorcollege_2ys_graduated_f" true true false 4 Long 0 0,First,#,VILLAGE_MOI,taipei_education_2021.csv.edu_juniorcollege_2ys_graduated_f,-1,-1;edu_juniorcollege_2ys_ungraduated_m "edu_juniorcollege_2ys_ungraduated_m" true true false 4 Long 0 0,First,#,VILLAGE_MOI,taipei_education_2021.csv.edu_juniorcollege_2ys_ungraduated_m,-1,-1;edu_juniorcollege_2ys_ungraduated_f "edu_juniorcollege_2ys_ungraduated_f" true true false 4 Long 0 0,First,#,VILLAGE_MOI,taipei_education_2021.csv.edu_juniorcollege_2ys_ungraduated_f,-1,-1;edu_juniorcollege_5ys_final2y_graduated_m "edu_juniorcollege_5ys_final2y_graduated_m" true true false 4 Long 0 0,First,#,VILLAGE_MOI,taipei_education_2021.csv.edu_juniorcollege_5ys_final2y_graduated_m,-1,-1;edu_juniorcollege_5ys_final2y_graduated_f "edu_juniorcollege_5ys_final2y_graduated_f" true true false 4 Long 0 0,First,#,VILLAGE_MOI,taipei_education_2021.csv.edu_juniorcollege_5ys_final2y_graduated_f,-1,-1;edu_juniorcollege_5ys_final2y_ungraduated_m "edu_juniorcollege_5ys_final2y_ungraduated_m" true true false 4 Long 0 0,First,#,VILLAGE_MOI,taipei_education_2021.csv.edu_juniorcollege_5ys_final2y_ungraduated_m,-1,-1;edu_juniorcollege_5ys_final2y_ungraduated_f "edu_juniorcollege_5ys_final2y_ungraduated_f" true true false 4 Long 0 0,First,#,VILLAGE_MOI,taipei_education_2021.csv.edu_juniorcollege_5ys_final2y_ungraduated_f,-1,-1;edu_senior_graduated_m "edu_senior_graduated_m" true true false 4 Long 0 0,First,#,VILLAGE_MOI,taipei_education_2021.csv.edu_senior_graduated_m,-1,-1;edu_senior_graduated_f "edu_senior_graduated_f" true true false 4 Long 0 0,First,#,VILLAGE_MOI,taipei_education_2021.csv.edu_senior_graduated_f,-1,-1;edu_senior_ungraduated_m "edu_senior_ungraduated_m" true true false 4 Long 0 0,First,#,VILLAGE_MOI,taipei_education_2021.csv.edu_senior_ungraduated_m,-1,-1;edu_senior_ungraduated_f "edu_senior_ungraduated_f" true true false 4 Long 0 0,First,#,VILLAGE_MOI,taipei_education_2021.csv.edu_senior_ungraduated_f,-1,-1;edu_seniorvocational_graduated_m "edu_seniorvocational_graduated_m" true true false 4 Long 0 0,First,#,VILLAGE_MOI,taipei_education_2021.csv.edu_seniorvocational_graduated_m,-1,-1;edu_seniorvocational_graduated_f "edu_seniorvocational_graduated_f" true true false 4 Long 0 0,First,#,VILLAGE_MOI,taipei_education_2021.csv.edu_seniorvocational_graduated_f,-1,-1;edu_seniorvocational_ungraduated_m "edu_seniorvocational_ungraduated_m" true true false 4 Long 0 0,First,#,VILLAGE_MOI,taipei_education_2021.csv.edu_seniorvocational_ungraduated_m,-1,-1;edu_seniorvocational_ungraduated_f "edu_seniorvocational_ungraduated_f" true true false 4 Long 0 0,First,#,VILLAGE_MOI,taipei_education_2021.csv.edu_seniorvocational_ungraduated_f,-1,-1;edu_juniorcollege_5ys_first3y_ungraduated_m "edu_juniorcollege_5ys_first3y_ungraduated_m" true true false 4 Long 0 0,First,#,VILLAGE_MOI,taipei_education_2021.csv.edu_juniorcollege_5ys_first3y_ungraduated_m,-1,-1;edu_juniorcollege_5ys_first3y_ungraduated_f "edu_juniorcollege_5ys_first3y_ungraduated_f" true true false 4 Long 0 0,First,#,VILLAGE_MOI,taipei_education_2021.csv.edu_juniorcollege_5ys_first3y_ungraduated_f,-1,-1;edu_junior_graduated_m "edu_junior_graduated_m" true true false 4 Long 0 0,First,#,VILLAGE_MOI,taipei_education_2021.csv.edu_junior_graduated_m,-1,-1;edu_junior_graduated_f "edu_junior_graduated_f" true true false 4 Long 0 0,First,#,VILLAGE_MOI,taipei_education_2021.csv.edu_junior_graduated_f,-1,-1;edu_junior_ungraduated_m "edu_junior_ungraduated_m" true true false 4 Long 0 0,First,#,VILLAGE_MOI,taipei_education_2021.csv.edu_junior_ungraduated_m,-1,-1;edu_junior_ungraduated_f "edu_junior_ungraduated_f" true true false 4 Long 0 0,First,#,VILLAGE_MOI,taipei_education_2021.csv.edu_junior_ungraduated_f,-1,-1;edu_juniorvocational_graduated_m "edu_juniorvocational_graduated_m" true true false 4 Long 0 0,First,#,VILLAGE_MOI,taipei_education_2021.csv.edu_juniorvocational_graduated_m,-1,-1;edu_juniorvocational_graduated_f "edu_juniorvocational_graduated_f" true true false 4 Long 0 0,First,#,VILLAGE_MOI,taipei_education_2021.csv.edu_juniorvocational_graduated_f,-1,-1;edu_juniorvocational_ungraduated_m "edu_juniorvocational_ungraduated_m" true true false 4 Long 0 0,First,#,VILLAGE_MOI,taipei_education_2021.csv.edu_juniorvocational_ungraduated_m,-1,-1;edu_juniorvocational_ungraduated_f "edu_juniorvocational_ungraduated_f" true true false 4 Long 0 0,First,#,VILLAGE_MOI,taipei_education_2021.csv.edu_juniorvocational_ungraduated_f,-1,-1;edu_primary_graduated_m "edu_primary_graduated_m" true true false 4 Long 0 0,First,#,VILLAGE_MOI,taipei_education_2021.csv.edu_primary_graduated_m,-1,-1;edu_primary_graduated_f "edu_primary_graduated_f" true true false 4 Long 0 0,First,#,VILLAGE_MOI,taipei_education_2021.csv.edu_primary_graduated_f,-1,-1;edu_primary_ungraduated_m "edu_primary_ungraduated_m" true true false 4 Long 0 0,First,#,VILLAGE_MOI,taipei_education_2021.csv.edu_primary_ungraduated_m,-1,-1;edu_primary_ungraduated_f "edu_primary_ungraduated_f" true true false 4 Long 0 0,First,#,VILLAGE_MOI,taipei_education_2021.csv.edu_primary_ungraduated_f,-1,-1;edu_selftaughtl_m "edu_selftaughtl_m" true true false 4 Long 0 0,First,#,VILLAGE_MOI,taipei_education_2021.csv.edu_selftaughtl_m,-1,-1;edu_selftaughtl_f "edu_selftaughtl_f" true true false 4 Long 0 0,First,#,VILLAGE_MOI,taipei_education_2021.csv.edu_selftaughtl_f,-1,-1;edu_illiterate_m "edu_illiterate_m" true true false 4 Long 0 0,First,#,VILLAGE_MOI,taipei_education_2021.csv.edu_illiterate_m,-1,-1;edu_illiterate_f "edu_illiterate_f" true true false 4 Long 0 0,First,#,VILLAGE_MOI,taipei_education_2021.csv.edu_illiterate_f,-1,-1" #</Process><Process ToolSource="c:\program files\arcgis\pro\Resources\ArcToolbox\toolboxes\Conversion Tools.tbx\ExportFeatures" Date="20221202" Time="003656">ExportFeatures VILLAGE_MOI_processed C:\Users\didar\Downloads\CIVENG_ESPM\CIVENG_ESPM\FinalProject\FinalProject.gdb\VILLAGE_MOI_combine # NOT_USE_ALIAS "VILLCODE "VILLCODE" true true false 18 Text 0 0,First,#,VILLAGE_MOI_processed,VILLAGE_MOI_processed.VILLCODE,0,18;COUNTYNAME "COUNTYNAME" true true false 12 Text 0 0,First,#,VILLAGE_MOI_processed,VILLAGE_MOI_processed.COUNTYNAME,0,12;TOWNNAME "TOWNNAME" true true false 12 Text 0 0,First,#,VILLAGE_MOI_processed,VILLAGE_MOI_processed.TOWNNAME,0,12;VILLNAME "VILLNAME" true true false 39 Text 0 0,First,#,VILLAGE_MOI_processed,VILLAGE_MOI_processed.VILLNAME,0,39;VILLENG "VILLENG" true true false 39 Text 0 0,First,#,VILLAGE_MOI_processed,VILLAGE_MOI_processed.VILLENG,0,39;COUNTYID "COUNTYID" true true false 3 Text 0 0,First,#,VILLAGE_MOI_processed,VILLAGE_MOI_processed.COUNTYID,0,3;COUNTYCODE "COUNTYCODE" true true false 8 Text 0 0,First,#,VILLAGE_MOI_processed,VILLAGE_MOI_processed.COUNTYCODE,0,8;TOWNID "TOWNID" true true false 8 Text 0 0,First,#,VILLAGE_MOI_processed,VILLAGE_MOI_processed.TOWNID,0,8;TOWNCODE "TOWNCODE" true true false 12 Text 0 0,First,#,VILLAGE_MOI_processed,VILLAGE_MOI_processed.TOWNCODE,0,12;NOTE "NOTE" true true false 30 Text 0 0,First,#,VILLAGE_MOI_processed,VILLAGE_MOI_processed.NOTE,0,30;uniq_key "uniq_key" true true false 4 Long 0 0,First,#,VILLAGE_MOI_processed,VILLAGE_MOI_processed.uniq_key,-1,-1;town_id "town_id" true true false 4 Long 0 0,First,#,VILLAGE_MOI_processed,VILLAGE_MOI_processed.town_id,-1,-1;COUNTY_ID "COUNTY_ID" true true false 4 Long 0 0,First,#,VILLAGE_MOI_processed,VILLAGE_MOI_processed.COUNTY_ID,-1,-1;TOWN_ID_1 "TOWN_ID" true true false 4 Long 0 0,First,#,VILLAGE_MOI_processed,VILLAGE_MOI_processed.TOWN_ID_1,-1,-1;TOWN "TOWN" true true false 8000 Text 0 0,First,#,VILLAGE_MOI_processed,VILLAGE_MOI_processed.TOWN,0,8000;Number_of_Households "Number of Households" true true false 4 Long 0 0,First,#,VILLAGE_MOI_processed,VILLAGE_MOI_processed.Number_of_Households,-1,-1;Population_Total "Population Total" true true false 4 Long 0 0,First,#,VILLAGE_MOI_processed,VILLAGE_MOI_processed.Population_Total,-1,-1;Population_male "Population_male" true true false 4 Long 0 0,First,#,VILLAGE_MOI_processed,VILLAGE_MOI_processed.Population_male,-1,-1;Population_female "Population_female" true true false 4 Long 0 0,First,#,VILLAGE_MOI_processed,VILLAGE_MOI_processed.Population_female,-1,-1;town_name "town_name" true true false 255 Text 0 0,First,#,VILLAGE_MOI_processed,VILLAGE_MOI_processed.town_name,0,255;edu_doctro_total "edu_doctro_total" true true false 4 Long 0 0,First,#,VILLAGE_MOI_processed,VILLAGE_MOI_processed.edu_doctro_total,-1,-1;edu_uni_und_total "edu_uni_und_total" true true false 4 Long 0 0,First,#,VILLAGE_MOI_processed,VILLAGE_MOI_processed.edu_uni_und_total,-1,-1;statistic_yyy "statistic_yyy" true true false 4 Long 0 0,First,#,VILLAGE_MOI_processed,VILLAGE_MOI_processed.statistic_yyy,-1,-1;site_id "site_id" true true false 8000 Text 0 0,First,#,VILLAGE_MOI_processed,VILLAGE_MOI_processed.site_id,0,8000;edu_age_15up_total "edu_age_15up_total" true true false 4 Long 0 0,First,#,VILLAGE_MOI_processed,VILLAGE_MOI_processed.edu_age_15up_total,-1,-1;edu_doctor_graduated_m "edu_doctor_graduated_m" true true false 4 Long 0 0,First,#,VILLAGE_MOI_processed,VILLAGE_MOI_processed.edu_doctor_graduated_m,-1,-1;edu_doctor_graduated_f "edu_doctor_graduated_f" true true false 4 Long 0 0,First,#,VILLAGE_MOI_processed,VILLAGE_MOI_processed.edu_doctor_graduated_f,-1,-1;edu_doctor_ungraduated_m "edu_doctor_ungraduated_m" true true false 4 Long 0 0,First,#,VILLAGE_MOI_processed,VILLAGE_MOI_processed.edu_doctor_ungraduated_m,-1,-1;edu_doctor_ungraduated_f "edu_doctor_ungraduated_f" true true false 4 Long 0 0,First,#,VILLAGE_MOI_processed,VILLAGE_MOI_processed.edu_doctor_ungraduated_f,-1,-1;edu_master_graduated_m "edu_master_graduated_m" true true false 4 Long 0 0,First,#,VILLAGE_MOI_processed,VILLAGE_MOI_processed.edu_master_graduated_m,-1,-1;edu_master_graduated_f "edu_master_graduated_f" true true false 4 Long 0 0,First,#,VILLAGE_MOI_processed,VILLAGE_MOI_processed.edu_master_graduated_f,-1,-1;edu_master_ungraduated_m "edu_master_ungraduated_m" true true false 4 Long 0 0,First,#,VILLAGE_MOI_processed,VILLAGE_MOI_processed.edu_master_ungraduated_m,-1,-1;edu_master_ungraduated_f "edu_master_ungraduated_f" true true false 4 Long 0 0,First,#,VILLAGE_MOI_processed,VILLAGE_MOI_processed.edu_master_ungraduated_f,-1,-1;edu_university_graduated_m "edu_university_graduated_m" true true false 4 Long 0 0,First,#,VILLAGE_MOI_processed,VILLAGE_MOI_processed.edu_university_graduated_m,-1,-1;edu_university_graduated_f "edu_university_graduated_f" true true false 4 Long 0 0,First,#,VILLAGE_MOI_processed,VILLAGE_MOI_processed.edu_university_graduated_f,-1,-1;edu_university_ungraduated_m "edu_university_ungraduated_m" true true false 4 Long 0 0,First,#,VILLAGE_MOI_processed,VILLAGE_MOI_processed.edu_university_ungraduated_m,-1,-1;edu_university_ungraduated_f "edu_university_ungraduated_f" true true false 4 Long 0 0,First,#,VILLAGE_MOI_processed,VILLAGE_MOI_processed.edu_university_ungraduated_f,-1,-1;edu_juniorcollege_2ys_graduated_m "edu_juniorcollege_2ys_graduated_m" true true false 4 Long 0 0,First,#,VILLAGE_MOI_processed,VILLAGE_MOI_processed.edu_juniorcollege_2ys_graduated_m,-1,-1;edu_juniorcollege_2ys_graduated_f "edu_juniorcollege_2ys_graduated_f" true true false 4 Long 0 0,First,#,VILLAGE_MOI_processed,VILLAGE_MOI_processed.edu_juniorcollege_2ys_graduated_f,-1,-1;edu_juniorcollege_2ys_ungraduated_m "edu_juniorcollege_2ys_ungraduated_m" true true false 4 Long 0 0,First,#,VILLAGE_MOI_processed,VILLAGE_MOI_processed.edu_juniorcollege_2ys_ungraduated_m,-1,-1;edu_juniorcollege_2ys_ungraduated_f "edu_juniorcollege_2ys_ungraduated_f" true true false 4 Long 0 0,First,#,VILLAGE_MOI_processed,VILLAGE_MOI_processed.edu_juniorcollege_2ys_ungraduated_f,-1,-1;edu_juniorcollege_5ys_final2y_graduated_m "edu_juniorcollege_5ys_final2y_graduated_m" true true false 4 Long 0 0,First,#,VILLAGE_MOI_processed,VILLAGE_MOI_processed.edu_juniorcollege_5ys_final2y_graduated_m,-1,-1;edu_juniorcollege_5ys_final2y_graduated_f "edu_juniorcollege_5ys_final2y_graduated_f" true true false 4 Long 0 0,First,#,VILLAGE_MOI_processed,VILLAGE_MOI_processed.edu_juniorcollege_5ys_final2y_graduated_f,-1,-1;edu_juniorcollege_5ys_final2y_ungraduated_m "edu_juniorcollege_5ys_final2y_ungraduated_m" true true false 4 Long 0 0,First,#,VILLAGE_MOI_processed,VILLAGE_MOI_processed.edu_juniorcollege_5ys_final2y_ungraduated_m,-1,-1;edu_juniorcollege_5ys_final2y_ungraduated_f "edu_juniorcollege_5ys_final2y_ungraduated_f" true true false 4 Long 0 0,First,#,VILLAGE_MOI_processed,VILLAGE_MOI_processed.edu_juniorcollege_5ys_final2y_ungraduated_f,-1,-1;edu_senior_graduated_m "edu_senior_graduated_m" true true false 4 Long 0 0,First,#,VILLAGE_MOI_processed,VILLAGE_MOI_processed.edu_senior_graduated_m,-1,-1;edu_senior_graduated_f "edu_senior_graduated_f" true true false 4 Long 0 0,First,#,VILLAGE_MOI_processed,VILLAGE_MOI_processed.edu_senior_graduated_f,-1,-1;edu_senior_ungraduated_m "edu_senior_ungraduated_m" true true false 4 Long 0 0,First,#,VILLAGE_MOI_processed,VILLAGE_MOI_processed.edu_senior_ungraduated_m,-1,-1;edu_senior_ungraduated_f "edu_senior_ungraduated_f" true true false 4 Long 0 0,First,#,VILLAGE_MOI_processed,VILLAGE_MOI_processed.edu_senior_ungraduated_f,-1,-1;edu_seniorvocational_graduated_m "edu_seniorvocational_graduated_m" true true false 4 Long 0 0,First,#,VILLAGE_MOI_processed,VILLAGE_MOI_processed.edu_seniorvocational_graduated_m,-1,-1;edu_seniorvocational_graduated_f "edu_seniorvocational_graduated_f" true true false 4 Long 0 0,First,#,VILLAGE_MOI_processed,VILLAGE_MOI_processed.edu_seniorvocational_graduated_f,-1,-1;edu_seniorvocational_ungraduated_m "edu_seniorvocational_ungraduated_m" true true false 4 Long 0 0,First,#,VILLAGE_MOI_processed,VILLAGE_MOI_processed.edu_seniorvocational_ungraduated_m,-1,-1;edu_seniorvocational_ungraduated_f "edu_seniorvocational_ungraduated_f" true true false 4 Long 0 0,First,#,VILLAGE_MOI_processed,VILLAGE_MOI_processed.edu_seniorvocational_ungraduated_f,-1,-1;edu_juniorcollege_5ys_first3y_ungraduated_m "edu_juniorcollege_5ys_first3y_ungraduated_m" true true false 4 Long 0 0,First,#,VILLAGE_MOI_processed,VILLAGE_MOI_processed.edu_juniorcollege_5ys_first3y_ungraduated_m,-1,-1;edu_juniorcollege_5ys_first3y_ungraduated_f "edu_juniorcollege_5ys_first3y_ungraduated_f" true true false 4 Long 0 0,First,#,VILLAGE_MOI_processed,VILLAGE_MOI_processed.edu_juniorcollege_5ys_first3y_ungraduated_f,-1,-1;edu_junior_graduated_m "edu_junior_graduated_m" true true false 4 Long 0 0,First,#,VILLAGE_MOI_processed,VILLAGE_MOI_processed.edu_junior_graduated_m,-1,-1;edu_junior_graduated_f "edu_junior_graduated_f" true true false 4 Long 0 0,First,#,VILLAGE_MOI_processed,VILLAGE_MOI_processed.edu_junior_graduated_f,-1,-1;edu_junior_ungraduated_m "edu_junior_ungraduated_m" true true false 4 Long 0 0,First,#,VILLAGE_MOI_processed,VILLAGE_MOI_processed.edu_junior_ungraduated_m,-1,-1;edu_junior_ungraduated_f "edu_junior_ungraduated_f" true true false 4 Long 0 0,First,#,VILLAGE_MOI_processed,VILLAGE_MOI_processed.edu_junior_ungraduated_f,-1,-1;edu_juniorvocational_graduated_m "edu_juniorvocational_graduated_m" true true false 4 Long 0 0,First,#,VILLAGE_MOI_processed,VILLAGE_MOI_processed.edu_juniorvocational_graduated_m,-1,-1;edu_juniorvocational_graduated_f "edu_juniorvocational_graduated_f" true true false 4 Long 0 0,First,#,VILLAGE_MOI_processed,VILLAGE_MOI_processed.edu_juniorvocational_graduated_f,-1,-1;edu_juniorvocational_ungraduated_m "edu_juniorvocational_ungraduated_m" true true false 4 Long 0 0,First,#,VILLAGE_MOI_processed,VILLAGE_MOI_processed.edu_juniorvocational_ungraduated_m,-1,-1;edu_juniorvocational_ungraduated_f "edu_juniorvocational_ungraduated_f" true true false 4 Long 0 0,First,#,VILLAGE_MOI_processed,VILLAGE_MOI_processed.edu_juniorvocational_ungraduated_f,-1,-1;edu_primary_graduated_m "edu_primary_graduated_m" true true false 4 Long 0 0,First,#,VILLAGE_MOI_processed,VILLAGE_MOI_processed.edu_primary_graduated_m,-1,-1;edu_primary_graduated_f "edu_primary_graduated_f" true true false 4 Long 0 0,First,#,VILLAGE_MOI_processed,VILLAGE_MOI_processed.edu_primary_graduated_f,-1,-1;edu_primary_ungraduated_m "edu_primary_ungraduated_m" true true false 4 Long 0 0,First,#,VILLAGE_MOI_processed,VILLAGE_MOI_processed.edu_primary_ungraduated_m,-1,-1;edu_primary_ungraduated_f "edu_primary_ungraduated_f" true true false 4 Long 0 0,First,#,VILLAGE_MOI_processed,VILLAGE_MOI_processed.edu_primary_ungraduated_f,-1,-1;edu_selftaughtl_m "edu_selftaughtl_m" true true false 4 Long 0 0,First,#,VILLAGE_MOI_processed,VILLAGE_MOI_processed.edu_selftaughtl_m,-1,-1;edu_selftaughtl_f "edu_selftaughtl_f" true true false 4 Long 0 0,First,#,VILLAGE_MOI_processed,VILLAGE_MOI_processed.edu_selftaughtl_f,-1,-1;edu_illiterate_m "edu_illiterate_m" true true false 4 Long 0 0,First,#,VILLAGE_MOI_processed,VILLAGE_MOI_processed.edu_illiterate_m,-1,-1;edu_illiterate_f "edu_illiterate_f" true true false 4 Long 0 0,First,#,VILLAGE_MOI_processed,VILLAGE_MOI_processed.edu_illiterate_f,-1,-1;Shape_Length "Shape_Length" false true true 8 Double 0 0,First,#,VILLAGE_MOI_processed,VILLAGE_MOI_processed.Shape_Length,-1,-1;Shape_Area "Shape_Area" false true true 8 Double 0 0,First,#,VILLAGE_MOI_processed,VILLAGE_MOI_processed.Shape_Area,-1,-1;COUNTYNAME "COUNTYNAME" true true false 8000 Text 0 0,First,#,VILLAGE_MOI_processed,income.csv.COUNTYNAME,0,8000;District Name "District Name" true true false 8000 Text 0 0,First,#,VILLAGE_MOI_processed,income.csv.District Name,0,8000;District Id "District Id" true true false 4 Long 0 0,First,#,VILLAGE_MOI_processed,income.csv.District Id,-1,-1;TOWNNAME "TOWNNAME" true true false 8000 Text 0 0,First,#,VILLAGE_MOI_processed,income.csv.TOWNNAME,0,8000;VILLNAME "VILLNAME" true true false 8000 Text 0 0,First,#,VILLAGE_MOI_processed,income.csv.VILLNAME,0,8000;TAXID "TAXID" true true false 4 Long 0 0,First,#,VILLAGE_MOI_processed,income.csv.TAXID,-1,-1;TTL_INCOME "TTL_INCOME" true true false 4 Long 0 0,First,#,VILLAGE_MOI_processed,income.csv.TTL_INCOME,-1,-1;AVG "AVG" true true false 4 Long 0 0,First,#,VILLAGE_MOI_processed,income.csv.AVG,-1,-1;MEDIAN "MEDIAN" true true false 4 Long 0 0,First,#,VILLAGE_MOI_processed,income.csv.MEDIAN,-1,-1;QUANTILE1 "QUANTILE1" true true false 4 Long 0 0,First,#,VILLAGE_MOI_processed,income.csv.QUANTILE1,-1,-1;QUANTILE3 "QUANTILE3" true true false 4 Long 0 0,First,#,VILLAGE_MOI_processed,income.csv.QUANTILE3,-1,-1;STD "STD" true true false 8 Double 0 0,First,#,VILLAGE_MOI_processed,income.csv.STD,-1,-1;VAR "VAR" true true false 8 Double 0 0,First,#,VILLAGE_MOI_processed,income.csv.VAR,-1,-1" #</Process><Process ToolSource="c:\program files\arcgis\pro\Resources\ArcToolbox\toolboxes\Conversion Tools.tbx\ExportFeatures" Date="20221202" Time="144757">ExportFeatures VILLAGE_MOI_combine C:\Users\didar\Downloads\CIVENG_ESPM\CIVENG_ESPM\FinalProject\Village_MOI_combine.shp # NOT_USE_ALIAS "VILLCODE "VILLCODE" true true false 18 Text 0 0,First,#,VILLAGE_MOI_combine,VILLCODE,0,18;COUNTYNAME "COUNTYNAME" true true false 12 Text 0 0,First,#,VILLAGE_MOI_combine,COUNTYNAME,0,12;TOWNNAME "TOWNNAME" true true false 12 Text 0 0,First,#,VILLAGE_MOI_combine,TOWNNAME,0,12;VILLNAME "VILLNAME" true true false 39 Text 0 0,First,#,VILLAGE_MOI_combine,VILLNAME,0,39;VILLENG "VILLENG" true true false 39 Text 0 0,First,#,VILLAGE_MOI_combine,VILLENG,0,39;COUNTYID "COUNTYID" true true false 3 Text 0 0,First,#,VILLAGE_MOI_combine,COUNTYID,0,3;COUNTYCODE "COUNTYCODE" true true false 8 Text 0 0,First,#,VILLAGE_MOI_combine,COUNTYCODE,0,8;TOWNID "TOWNID" true true false 8 Text 0 0,First,#,VILLAGE_MOI_combine,TOWNID,0,8;TOWNCODE "TOWNCODE" true true false 12 Text 0 0,First,#,VILLAGE_MOI_combine,TOWNCODE,0,12;NOTE "NOTE" true true false 30 Text 0 0,First,#,VILLAGE_MOI_combine,NOTE,0,30;uniq_key "uniq_key" true true false 4 Long 0 0,First,#,VILLAGE_MOI_combine,uniq_key,-1,-1;town_id "town_id" true true false 4 Long 0 0,First,#,VILLAGE_MOI_combine,town_id,-1,-1;COUNTY_ID "COUNTY_ID" true true false 4 Long 0 0,First,#,VILLAGE_MOI_combine,COUNTY_ID,-1,-1;TOWN_ID_1 "TOWN_ID" true true false 4 Long 0 0,First,#,VILLAGE_MOI_combine,TOWN_ID_1,-1,-1;TOWN "TOWN" true true false 8000 Text 0 0,First,#,VILLAGE_MOI_combine,TOWN,0,8000;Number_of_Households "Number of Households" true true false 4 Long 0 0,First,#,VILLAGE_MOI_combine,Number_of_Households,-1,-1;Population_Total "Population Total" true true false 4 Long 0 0,First,#,VILLAGE_MOI_combine,Population_Total,-1,-1;Population_male "Population_male" true true false 4 Long 0 0,First,#,VILLAGE_MOI_combine,Population_male,-1,-1;Population_female "Population_female" true true false 4 Long 0 0,First,#,VILLAGE_MOI_combine,Population_female,-1,-1;town_name "town_name" true true false 255 Text 0 0,First,#,VILLAGE_MOI_combine,town_name,0,255;edu_doctro_total "edu_doctro_total" true true false 4 Long 0 0,First,#,VILLAGE_MOI_combine,edu_doctro_total,-1,-1;edu_uni_und_total "edu_uni_und_total" true true false 4 Long 0 0,First,#,VILLAGE_MOI_combine,edu_uni_und_total,-1,-1;statistic_yyy "statistic_yyy" true true false 4 Long 0 0,First,#,VILLAGE_MOI_combine,statistic_yyy,-1,-1;site_id "site_id" true true false 8000 Text 0 0,First,#,VILLAGE_MOI_combine,site_id,0,8000;edu_age_15up_total "edu_age_15up_total" true true false 4 Long 0 0,First,#,VILLAGE_MOI_combine,edu_age_15up_total,-1,-1;edu_doctor_graduated_m "edu_doctor_graduated_m" true true false 4 Long 0 0,First,#,VILLAGE_MOI_combine,edu_doctor_graduated_m,-1,-1;edu_doctor_graduated_f "edu_doctor_graduated_f" true true false 4 Long 0 0,First,#,VILLAGE_MOI_combine,edu_doctor_graduated_f,-1,-1;edu_doctor_ungraduated_m "edu_doctor_ungraduated_m" true true false 4 Long 0 0,First,#,VILLAGE_MOI_combine,edu_doctor_ungraduated_m,-1,-1;edu_doctor_ungraduated_f "edu_doctor_ungraduated_f" true true false 4 Long 0 0,First,#,VILLAGE_MOI_combine,edu_doctor_ungraduated_f,-1,-1;edu_master_graduated_m "edu_master_graduated_m" true true false 4 Long 0 0,First,#,VILLAGE_MOI_combine,edu_master_graduated_m,-1,-1;edu_master_graduated_f "edu_master_graduated_f" true true false 4 Long 0 0,First,#,VILLAGE_MOI_combine,edu_master_graduated_f,-1,-1;edu_master_ungraduated_m "edu_master_ungraduated_m" true true false 4 Long 0 0,First,#,VILLAGE_MOI_combine,edu_master_ungraduated_m,-1,-1;edu_master_ungraduated_f "edu_master_ungraduated_f" true true false 4 Long 0 0,First,#,VILLAGE_MOI_combine,edu_master_ungraduated_f,-1,-1;edu_university_graduated_m "edu_university_graduated_m" true true false 4 Long 0 0,First,#,VILLAGE_MOI_combine,edu_university_graduated_m,-1,-1;edu_university_graduated_f "edu_university_graduated_f" true true false 4 Long 0 0,First,#,VILLAGE_MOI_combine,edu_university_graduated_f,-1,-1;edu_university_ungraduated_m "edu_university_ungraduated_m" true true false 4 Long 0 0,First,#,VILLAGE_MOI_combine,edu_university_ungraduated_m,-1,-1;edu_university_ungraduated_f "edu_university_ungraduated_f" true true false 4 Long 0 0,First,#,VILLAGE_MOI_combine,edu_university_ungraduated_f,-1,-1;edu_juniorcollege_2ys_graduated_m "edu_juniorcollege_2ys_graduated_m" true true false 4 Long 0 0,First,#,VILLAGE_MOI_combine,edu_juniorcollege_2ys_graduated_m,-1,-1;edu_juniorcollege_2ys_graduated_f "edu_juniorcollege_2ys_graduated_f" true true false 4 Long 0 0,First,#,VILLAGE_MOI_combine,edu_juniorcollege_2ys_graduated_f,-1,-1;edu_juniorcollege_2ys_ungraduated_m "edu_juniorcollege_2ys_ungraduated_m" true true false 4 Long 0 0,First,#,VILLAGE_MOI_combine,edu_juniorcollege_2ys_ungraduated_m,-1,-1;edu_juniorcollege_2ys_ungraduated_f "edu_juniorcollege_2ys_ungraduated_f" true true false 4 Long 0 0,First,#,VILLAGE_MOI_combine,edu_juniorcollege_2ys_ungraduated_f,-1,-1;edu_juniorcollege_5ys_final2y_graduated_m "edu_juniorcollege_5ys_final2y_graduated_m" true true false 4 Long 0 0,First,#,VILLAGE_MOI_combine,edu_juniorcollege_5ys_final2y_graduated_m,-1,-1;edu_juniorcollege_5ys_final2y_graduated_f "edu_juniorcollege_5ys_final2y_graduated_f" true true false 4 Long 0 0,First,#,VILLAGE_MOI_combine,edu_juniorcollege_5ys_final2y_graduated_f,-1,-1;edu_juniorcollege_5ys_final2y_ungraduated_m "edu_juniorcollege_5ys_final2y_ungraduated_m" true true false 4 Long 0 0,First,#,VILLAGE_MOI_combine,edu_juniorcollege_5ys_final2y_ungraduated_m,-1,-1;edu_juniorcollege_5ys_final2y_ungraduated_f "edu_juniorcollege_5ys_final2y_ungraduated_f" true true false 4 Long 0 0,First,#,VILLAGE_MOI_combine,edu_juniorcollege_5ys_final2y_ungraduated_f,-1,-1;edu_senior_graduated_m "edu_senior_graduated_m" true true false 4 Long 0 0,First,#,VILLAGE_MOI_combine,edu_senior_graduated_m,-1,-1;edu_senior_graduated_f "edu_senior_graduated_f" true true false 4 Long 0 0,First,#,VILLAGE_MOI_combine,edu_senior_graduated_f,-1,-1;edu_senior_ungraduated_m "edu_senior_ungraduated_m" true true false 4 Long 0 0,First,#,VILLAGE_MOI_combine,edu_senior_ungraduated_m,-1,-1;edu_senior_ungraduated_f "edu_senior_ungraduated_f" true true false 4 Long 0 0,First,#,VILLAGE_MOI_combine,edu_senior_ungraduated_f,-1,-1;edu_seniorvocational_graduated_m "edu_seniorvocational_graduated_m" true true false 4 Long 0 0,First,#,VILLAGE_MOI_combine,edu_seniorvocational_graduated_m,-1,-1;edu_seniorvocational_graduated_f "edu_seniorvocational_graduated_f" true true false 4 Long 0 0,First,#,VILLAGE_MOI_combine,edu_seniorvocational_graduated_f,-1,-1;edu_seniorvocational_ungraduated_m "edu_seniorvocational_ungraduated_m" true true false 4 Long 0 0,First,#,VILLAGE_MOI_combine,edu_seniorvocational_ungraduated_m,-1,-1;edu_seniorvocational_ungraduated_f "edu_seniorvocational_ungraduated_f" true true false 4 Long 0 0,First,#,VILLAGE_MOI_combine,edu_seniorvocational_ungraduated_f,-1,-1;edu_juniorcollege_5ys_first3y_ungraduated_m "edu_juniorcollege_5ys_first3y_ungraduated_m" true true false 4 Long 0 0,First,#,VILLAGE_MOI_combine,edu_juniorcollege_5ys_first3y_ungraduated_m,-1,-1;edu_juniorcollege_5ys_first3y_ungraduated_f "edu_juniorcollege_5ys_first3y_ungraduated_f" true true false 4 Long 0 0,First,#,VILLAGE_MOI_combine,edu_juniorcollege_5ys_first3y_ungraduated_f,-1,-1;edu_junior_graduated_m "edu_junior_graduated_m" true true false 4 Long 0 0,First,#,VILLAGE_MOI_combine,edu_junior_graduated_m,-1,-1;edu_junior_graduated_f "edu_junior_graduated_f" true true false 4 Long 0 0,First,#,VILLAGE_MOI_combine,edu_junior_graduated_f,-1,-1;edu_junior_ungraduated_m "edu_junior_ungraduated_m" true true false 4 Long 0 0,First,#,VILLAGE_MOI_combine,edu_junior_ungraduated_m,-1,-1;edu_junior_ungraduated_f "edu_junior_ungraduated_f" true true false 4 Long 0 0,First,#,VILLAGE_MOI_combine,edu_junior_ungraduated_f,-1,-1;edu_juniorvocational_graduated_m "edu_juniorvocational_graduated_m" true true false 4 Long 0 0,First,#,VILLAGE_MOI_combine,edu_juniorvocational_graduated_m,-1,-1;edu_juniorvocational_graduated_f "edu_juniorvocational_graduated_f" true true false 4 Long 0 0,First,#,VILLAGE_MOI_combine,edu_juniorvocational_graduated_f,-1,-1;edu_juniorvocational_ungraduated_m "edu_juniorvocational_ungraduated_m" true true false 4 Long 0 0,First,#,VILLAGE_MOI_combine,edu_juniorvocational_ungraduated_m,-1,-1;edu_juniorvocational_ungraduated_f "edu_juniorvocational_ungraduated_f" true true false 4 Long 0 0,First,#,VILLAGE_MOI_combine,edu_juniorvocational_ungraduated_f,-1,-1;edu_primary_graduated_m "edu_primary_graduated_m" true true false 4 Long 0 0,First,#,VILLAGE_MOI_combine,edu_primary_graduated_m,-1,-1;edu_primary_graduated_f "edu_primary_graduated_f" true true false 4 Long 0 0,First,#,VILLAGE_MOI_combine,edu_primary_graduated_f,-1,-1;edu_primary_ungraduated_m "edu_primary_ungraduated_m" true true false 4 Long 0 0,First,#,VILLAGE_MOI_combine,edu_primary_ungraduated_m,-1,-1;edu_primary_ungraduated_f "edu_primary_ungraduated_f" true true false 4 Long 0 0,First,#,VILLAGE_MOI_combine,edu_primary_ungraduated_f,-1,-1;edu_selftaughtl_m "edu_selftaughtl_m" true true false 4 Long 0 0,First,#,VILLAGE_MOI_combine,edu_selftaughtl_m,-1,-1;edu_selftaughtl_f "edu_selftaughtl_f" true true false 4 Long 0 0,First,#,VILLAGE_MOI_combine,edu_selftaughtl_f,-1,-1;edu_illiterate_m "edu_illiterate_m" true true false 4 Long 0 0,First,#,VILLAGE_MOI_combine,edu_illiterate_m,-1,-1;edu_illiterate_f "edu_illiterate_f" true true false 4 Long 0 0,First,#,VILLAGE_MOI_combine,edu_illiterate_f,-1,-1;COUNTYNAME_1 "COUNTYNAME" true true false 8000 Text 0 0,First,#,VILLAGE_MOI_combine,COUNTYNAME_1,0,8000;District_Name "District Name" true true false 8000 Text 0 0,First,#,VILLAGE_MOI_combine,District_Name,0,8000;District_Id "District Id" true true false 4 Long 0 0,First,#,VILLAGE_MOI_combine,District_Id,-1,-1;TOWNNAME_1 "TOWNNAME" true true false 8000 Text 0 0,First,#,VILLAGE_MOI_combine,TOWNNAME_1,0,8000;VILLNAME_1 "VILLNAME" true true false 8000 Text 0 0,First,#,VILLAGE_MOI_combine,VILLNAME_1,0,8000;TAXID "TAXID" true true false 4 Long 0 0,First,#,VILLAGE_MOI_combine,TAXID,-1,-1;TTL_INCOME "TTL_INCOME" true true false 4 Long 0 0,First,#,VILLAGE_MOI_combine,TTL_INCOME,-1,-1;AVG "AVG" true true false 4 Long 0 0,First,#,VILLAGE_MOI_combine,AVG,-1,-1;MEDIAN "MEDIAN" true true false 4 Long 0 0,First,#,VILLAGE_MOI_combine,MEDIAN,-1,-1;QUANTILE1 "QUANTILE1" true true false 4 Long 0 0,First,#,VILLAGE_MOI_combine,QUANTILE1,-1,-1;QUANTILE3 "QUANTILE3" true true false 4 Long 0 0,First,#,VILLAGE_MOI_combine,QUANTILE3,-1,-1;STD "STD" true true false 8 Double 0 0,First,#,VILLAGE_MOI_combine,STD,-1,-1;VAR "VAR" true true false 8 Double 0 0,First,#,VILLAGE_MOI_combine,VAR,-1,-1;Shape_Length "Shape_Length" false true true 8 Double 0 0,First,#,VILLAGE_MOI_combine,Shape_Length,-1,-1;Shape_Area "Shape_Area" false true true 8 Double 0 0,First,#,VILLAGE_MOI_combine,Shape_Area,-1,-1" #</Process></lineage><itemProps><itemName Sync="TRUE">Village_MOI_combine</itemName><imsContentType Sync="TRUE">002</imsContentType><itemLocation><linkage Sync="TRUE">file://\\DESKTOP-VQG8U2L\C$\Users\didar\Downloads\CIVENG_ESPM\CIVENG_ESPM\FinalProject\Village_MOI_combine.shp</linkage><protocol Sync="TRUE">Local Area Network</protocol></itemLocation><itemSize Sync="TRUE">0.000</itemSize></itemProps><coordRef><type Sync="TRUE">Geographic</type><geogcsn Sync="TRUE">GCS_TWD97_2020</geogcsn><csUnits Sync="TRUE">Angular Unit: Degree (0.017453)</csUnits><peXml Sync="TRUE">&lt;GeographicCoordinateSystem xsi:type='typens:GeographicCoordinateSystem' xmlns:xsi='http://www.w3.org/2001/XMLSchema-instance' xmlns:xs='http://www.w3.org/2001/XMLSchema' xmlns:typens='http://www.esri.com/schemas/ArcGIS/3.0.0'&gt;&lt;WKT&gt;GEOGCS[&amp;quot;GCS_TWD97_2020&amp;quot;,DATUM[&amp;quot;D_TWD_1997&amp;quot;,SPHEROID[&amp;quot;GRS_1980&amp;quot;,6378137.0,298.257222101]],PRIMEM[&amp;quot;Greenwich&amp;quot;,0.0],UNIT[&amp;quot;Degree&amp;quot;,0.0174532925199433]]&lt;/WKT&gt;&lt;XOrigin&gt;-400&lt;/XOrigin&gt;&lt;YOrigin&gt;-400&lt;/YOrigin&gt;&lt;XYScale&gt;11258999068426.238&lt;/XYScale&gt;&lt;ZOrigin&gt;-100000&lt;/ZOrigin&gt;&lt;ZScale&gt;10000&lt;/ZScale&gt;&lt;MOrigin&gt;-100000&lt;/MOrigin&gt;&lt;MScale&gt;10000&lt;/MScale&gt;&lt;XYTolerance&gt;8.983152841195215e-09&lt;/XYTolerance&gt;&lt;ZTolerance&gt;0.001&lt;/ZTolerance&gt;&lt;MTolerance&gt;0.001&lt;/MTolerance&gt;&lt;HighPrecision&gt;true&lt;/HighPrecision&gt;&lt;LeftLongitude&gt;-180&lt;/LeftLongitude&gt;&lt;/GeographicCoordinateSystem&gt;</peXml></coordRef></DataProperties><SyncDate>20221202</SyncDate><SyncTime>14475700</SyncTime><ModDate>20221202</ModDate><ModTime>14475700</ModTime></Esri><dataIdInfo><envirDesc Sync="TRUE">Microsoft Windows 10 Version 10.0 (Build 19045) ; Esri ArcGIS 13.0.2.36056</envirDesc><dataLang><languageCode value="eng" Sync="TRUE"></languageCode><countryCode value="USA" Sync="TRUE"></countryCode></dataLang><idCitation><resTitle Sync="TRUE">Village_MOI_combine</resTitle><presForm><PresFormCd value="005" Sync="TRUE"></PresFormCd></presForm></idCitation><spatRpType><SpatRepTypCd value="001" Sync="TRUE"></SpatRepTypCd></spatRpType></dataIdInfo><mdLang><languageCode value="eng" Sync="TRUE"></languageCode><countryCode value="USA" Sync="TRUE"></countryCode></mdLang><distInfo><distFormat><formatName Sync="TRUE">Shapefile</formatName></distFormat><distTranOps><transSize Sync="TRUE">0.000</transSize></distTranOps></distInfo><mdHrLv><ScopeCd value="005" Sync="TRUE"></ScopeCd></mdHrLv><mdHrLvName Sync="TRUE">dataset</mdHrLvName><refSysInfo><RefSystem><refSysID><identCode code="0" Sync="TRUE"></identCode></refSysID></RefSystem></refSysInfo><spatRepInfo><VectSpatRep><geometObjs Name="Village_MOI_combine"><geoObjTyp><GeoObjTypCd value="002" Sync="TRUE"></GeoObjTypCd></geoObjTyp><geoObjCnt Sync="TRUE">0</geoObjCnt></geometObjs><topLvl><TopoLevCd value="001" Sync="TRUE"></TopoLevCd></topLvl></VectSpatRep></spatRepInfo><spdoinfo><ptvctinf><esriterm Name="Village_MOI_combine"><efeatyp Sync="TRUE">Simple</efeatyp><efeageom code="4" Sync="TRUE"></efeageom><esritopo Sync="TRUE">FALSE</esritopo><efeacnt Sync="TRUE">0</efeacnt><spindex Sync="TRUE">FALSE</spindex><linrefer Sync="TRUE">FALSE</linrefer></esriterm></ptvctinf></spdoinfo><eainfo><detailed Name="Village_MOI_combine"><enttyp><enttypl Sync="TRUE">Village_MOI_combine</enttypl><enttypt Sync="TRUE">Feature Class</enttypt><enttypc Sync="TRUE">0</enttypc></enttyp><attr><attrlabl Sync="TRUE">FID</attrlabl><attalias Sync="TRUE">FID</attalias><attrtype Sync="TRUE">OID</attrtype><attwidth Sync="TRUE">4</attwidth><atprecis Sync="TRUE">0</atprecis><attscale Sync="TRUE">0</attscale><attrdef Sync="TRUE">Internal feature number.</attrdef><attrdefs Sync="TRUE">Esri</attrdefs><attrdomv><udom Sync="TRUE">Sequential unique whole numbers that are automatically generated.</udom></attrdomv></attr><attr><attrlabl Sync="TRUE">Shape</attrlabl><attalias Sync="TRUE">Shape</attalias><attrtype Sync="TRUE">Geometry</attrtype><attwidth Sync="TRUE">0</attwidth><atprecis Sync="TRUE">0</atprecis><attscale Sync="TRUE">0</attscale><attrdef Sync="TRUE">Feature geometry.</attrdef><attrdefs Sync="TRUE">Esri</attrdefs><attrdomv><udom Sync="TRUE">Coordinates defining the features.</udom></attrdomv></attr><attr><attrlabl Sync="TRUE">VILLCODE</attrlabl><attalias Sync="TRUE">VILLCODE</attalias><attrtype Sync="TRUE">String</attrtype><attwidth Sync="TRUE">18</attwidth><atprecis Sync="TRUE">0</atprecis><attscale Sync="TRUE">0</attscale></attr><attr><attrlabl Sync="TRUE">COUNTYNAME</attrlabl><attalias Sync="TRUE">COUNTYNAME</attalias><attrtype Sync="TRUE">String</attrtype><attwidth Sync="TRUE">12</attwidth><atprecis Sync="TRUE">0</atprecis><attscale Sync="TRUE">0</attscale></attr><attr><attrlabl Sync="TRUE">TOWNNAME</attrlabl><attalias Sync="TRUE">TOWNNAME</attalias><attrtype Sync="TRUE">String</attrtype><attwidth Sync="TRUE">12</attwidth><atprecis Sync="TRUE">0</atprecis><attscale Sync="TRUE">0</attscale></attr><attr><attrlabl Sync="TRUE">VILLNAME</attrlabl><attalias Sync="TRUE">VILLNAME</attalias><attrtype Sync="TRUE">String</attrtype><attwidth Sync="TRUE">39</attwidth><atprecis Sync="TRUE">0</atprecis><attscale Sync="TRUE">0</attscale></attr><attr><attrlabl Sync="TRUE">VILLENG</attrlabl><attalias Sync="TRUE">VILLENG</attalias><attrtype Sync="TRUE">String</attrtype><attwidth Sync="TRUE">39</attwidth><atprecis Sync="TRUE">0</atprecis><attscale Sync="TRUE">0</attscale></attr><attr><attrlabl Sync="TRUE">COUNTYID</attrlabl><attalias Sync="TRUE">COUNTYID</attalias><attrtype Sync="TRUE">String</attrtype><attwidth Sync="TRUE">3</attwidth><atprecis Sync="TRUE">0</atprecis><attscale Sync="TRUE">0</attscale></attr><attr><attrlabl Sync="TRUE">COUNTYCODE</attrlabl><attalias Sync="TRUE">COUNTYCODE</attalias><attrtype Sync="TRUE">String</attrtype><attwidth Sync="TRUE">8</attwidth><atprecis Sync="TRUE">0</atprecis><attscale Sync="TRUE">0</attscale></attr><attr><attrlabl Sync="TRUE">TOWNID</attrlabl><attalias Sync="TRUE">TOWNID</attalias><attrtype Sync="TRUE">String</attrtype><attwidth Sync="TRUE">8</attwidth><atprecis Sync="TRUE">0</atprecis><attscale Sync="TRUE">0</attscale></attr><attr><attrlabl Sync="TRUE">TOWNCODE</attrlabl><attalias Sync="TRUE">TOWNCODE</attalias><attrtype Sync="TRUE">String</attrtype><attwidth Sync="TRUE">12</attwidth><atprecis Sync="TRUE">0</atprecis><attscale Sync="TRUE">0</attscale></attr><attr><attrlabl Sync="TRUE">NOTE</attrlabl><attalias Sync="TRUE">NOTE</attalias><attrtype Sync="TRUE">String</attrtype><attwidth Sync="TRUE">30</attwidth><atprecis Sync="TRUE">0</atprecis><attscale Sync="TRUE">0</attscale></attr><attr><attrlabl Sync="TRUE">uniq_key</attrlabl><attalias Sync="TRUE">uniq_key</attalias><attrtype Sync="TRUE">Integer</attrtype><attwidth Sync="TRUE">10</attwidth><atprecis Sync="TRUE">10</atprecis><attscale Sync="TRUE">0</attscale></attr><attr><attrlabl Sync="TRUE">town_id</attrlabl><attalias Sync="TRUE">town_id</attalias><attrtype Sync="TRUE">Integer</attrtype><attwidth Sync="TRUE">10</attwidth><atprecis Sync="TRUE">10</atprecis><attscale Sync="TRUE">0</attscale></attr><attr><attrlabl Sync="TRUE">COUNTY_ID</attrlabl><attalias Sync="TRUE">COUNTY_ID</attalias><attrtype Sync="TRUE">Integer</attrtype><attwidth Sync="TRUE">10</attwidth><atprecis Sync="TRUE">10</atprecis><attscale Sync="TRUE">0</attscale></attr><attr><attrlabl Sync="TRUE">TOWN_ID_1</attrlabl><attalias Sync="TRUE">TOWN_ID_1</attalias><attrtype Sync="TRUE">Integer</attrtype><attwidth Sync="TRUE">10</attwidth><atprecis Sync="TRUE">10</atprecis><attscale Sync="TRUE">0</attscale></attr><attr><attrlabl Sync="TRUE">TOWN</attrlabl><attalias Sync="TRUE">TOWN</attalias><attrtype Sync="TRUE">String</attrtype><attwidth Sync="TRUE">254</attwidth><atprecis Sync="TRUE">0</atprecis><attscale Sync="TRUE">0</attscale></attr><attr><attrlabl Sync="TRUE">Number_of_</attrlabl><attalias Sync="TRUE">Number_of_</attalias><attrtype Sync="TRUE">Integer</attrtype><attwidth Sync="TRUE">10</attwidth><atprecis Sync="TRUE">10</atprecis><attscale Sync="TRUE">0</attscale></attr><attr><attrlabl Sync="TRUE">Population</attrlabl><attalias Sync="TRUE">Population</attalias><attrtype Sync="TRUE">Integer</attrtype><attwidth Sync="TRUE">10</attwidth><atprecis Sync="TRUE">10</atprecis><attscale Sync="TRUE">0</attscale></attr><attr><attrlabl Sync="TRUE">Populati_1</attrlabl><attalias Sync="TRUE">Populati_1</attalias><attrtype Sync="TRUE">Integer</attrtype><attwidth Sync="TRUE">10</attwidth><atprecis Sync="TRUE">10</atprecis><attscale Sync="TRUE">0</attscale></attr><attr><attrlabl Sync="TRUE">Populati_2</attrlabl><attalias Sync="TRUE">Populati_2</attalias><attrtype Sync="TRUE">Integer</attrtype><attwidth Sync="TRUE">10</attwidth><atprecis Sync="TRUE">10</atprecis><attscale Sync="TRUE">0</attscale></attr><attr><attrlabl Sync="TRUE">town_name</attrlabl><attalias Sync="TRUE">town_name</attalias><attrtype Sync="TRUE">String</attrtype><attwidth Sync="TRUE">254</attwidth><atprecis Sync="TRUE">0</atprecis><attscale Sync="TRUE">0</attscale></attr><attr><attrlabl Sync="TRUE">edu_doctro</attrlabl><attalias Sync="TRUE">edu_doctro</attalias><attrtype Sync="TRUE">Integer</attrtype><attwidth Sync="TRUE">10</attwidth><atprecis Sync="TRUE">10</atprecis><attscale Sync="TRUE">0</attscale></attr><attr><attrlabl Sync="TRUE">edu_uni_un</attrlabl><attalias Sync="TRUE">edu_uni_un</attalias><attrtype Sync="TRUE">Integer</attrtype><attwidth Sync="TRUE">10</attwidth><atprecis Sync="TRUE">10</atprecis><attscale Sync="TRUE">0</attscale></attr><attr><attrlabl Sync="TRUE">statistic_</attrlabl><attalias Sync="TRUE">statistic_</attalias><attrtype Sync="TRUE">Integer</attrtype><attwidth Sync="TRUE">10</attwidth><atprecis Sync="TRUE">10</atprecis><attscale Sync="TRUE">0</attscale></attr><attr><attrlabl Sync="TRUE">site_id</attrlabl><attalias Sync="TRUE">site_id</attalias><attrtype Sync="TRUE">String</attrtype><attwidth Sync="TRUE">254</attwidth><atprecis Sync="TRUE">0</atprecis><attscale Sync="TRUE">0</attscale></attr><attr><attrlabl Sync="TRUE">edu_age_15</attrlabl><attalias Sync="TRUE">edu_age_15</attalias><attrtype Sync="TRUE">Integer</attrtype><attwidth Sync="TRUE">10</attwidth><atprecis Sync="TRUE">10</atprecis><attscale Sync="TRUE">0</attscale></attr><attr><attrlabl Sync="TRUE">edu_doctor</attrlabl><attalias Sync="TRUE">edu_doctor</attalias><attrtype Sync="TRUE">Integer</attrtype><attwidth Sync="TRUE">10</attwidth><atprecis Sync="TRUE">10</atprecis><attscale Sync="TRUE">0</attscale></attr><attr><attrlabl Sync="TRUE">edu_doct_1</attrlabl><attalias Sync="TRUE">edu_doct_1</attalias><attrtype Sync="TRUE">Integer</attrtype><attwidth Sync="TRUE">10</attwidth><atprecis Sync="TRUE">10</atprecis><attscale Sync="TRUE">0</attscale></attr><attr><attrlabl Sync="TRUE">edu_doct_2</attrlabl><attalias Sync="TRUE">edu_doct_2</attalias><attrtype Sync="TRUE">Integer</attrtype><attwidth Sync="TRUE">10</attwidth><atprecis Sync="TRUE">10</atprecis><attscale Sync="TRUE">0</attscale></attr><attr><attrlabl Sync="TRUE">edu_doct_3</attrlabl><attalias Sync="TRUE">edu_doct_3</attalias><attrtype Sync="TRUE">Integer</attrtype><attwidth Sync="TRUE">10</attwidth><atprecis Sync="TRUE">10</atprecis><attscale Sync="TRUE">0</attscale></attr><attr><attrlabl Sync="TRUE">edu_master</attrlabl><attalias Sync="TRUE">edu_master</attalias><attrtype Sync="TRUE">Integer</attrtype><attwidth Sync="TRUE">10</attwidth><atprecis Sync="TRUE">10</atprecis><attscale Sync="TRUE">0</attscale></attr><attr><attrlabl Sync="TRUE">edu_mast_1</attrlabl><attalias Sync="TRUE">edu_mast_1</attalias><attrtype Sync="TRUE">Integer</attrtype><attwidth Sync="TRUE">10</attwidth><atprecis Sync="TRUE">10</atprecis><attscale Sync="TRUE">0</attscale></attr><attr><attrlabl Sync="TRUE">edu_mast_2</attrlabl><attalias Sync="TRUE">edu_mast_2</attalias><attrtype Sync="TRUE">Integer</attrtype><attwidth Sync="TRUE">10</attwidth><atprecis Sync="TRUE">10</atprecis><attscale Sync="TRUE">0</attscale></attr><attr><attrlabl Sync="TRUE">edu_mast_3</attrlabl><attalias Sync="TRUE">edu_mast_3</attalias><attrtype Sync="TRUE">Integer</attrtype><attwidth Sync="TRUE">10</attwidth><atprecis Sync="TRUE">10</atprecis><attscale Sync="TRUE">0</attscale></attr><attr><attrlabl Sync="TRUE">edu_univer</attrlabl><attalias Sync="TRUE">edu_univer</attalias><attrtype Sync="TRUE">Integer</attrtype><attwidth Sync="TRUE">10</attwidth><atprecis Sync="TRUE">10</atprecis><attscale Sync="TRUE">0</attscale></attr><attr><attrlabl Sync="TRUE">edu_univ_1</attrlabl><attalias Sync="TRUE">edu_univ_1</attalias><attrtype Sync="TRUE">Integer</attrtype><attwidth Sync="TRUE">10</attwidth><atprecis Sync="TRUE">10</atprecis><attscale Sync="TRUE">0</attscale></attr><attr><attrlabl Sync="TRUE">edu_univ_2</attrlabl><attalias Sync="TRUE">edu_univ_2</attalias><attrtype Sync="TRUE">Integer</attrtype><attwidth Sync="TRUE">10</attwidth><atprecis Sync="TRUE">10</atprecis><attscale Sync="TRUE">0</attscale></attr><attr><attrlabl Sync="TRUE">edu_univ_3</attrlabl><attalias Sync="TRUE">edu_univ_3</attalias><attrtype Sync="TRUE">Integer</attrtype><attwidth Sync="TRUE">10</attwidth><atprecis Sync="TRUE">10</atprecis><attscale Sync="TRUE">0</attscale></attr><attr><attrlabl Sync="TRUE">edu_junior</attrlabl><attalias Sync="TRUE">edu_junior</attalias><attrtype Sync="TRUE">Integer</attrtype><attwidth Sync="TRUE">10</attwidth><atprecis Sync="TRUE">10</atprecis><attscale Sync="TRUE">0</attscale></attr><attr><attrlabl Sync="TRUE">edu_juni_1</attrlabl><attalias Sync="TRUE">edu_juni_1</attalias><attrtype Sync="TRUE">Integer</attrtype><attwidth Sync="TRUE">10</attwidth><atprecis Sync="TRUE">10</atprecis><attscale Sync="TRUE">0</attscale></attr><attr><attrlabl Sync="TRUE">edu_juni_2</attrlabl><attalias Sync="TRUE">edu_juni_2</attalias><attrtype Sync="TRUE">Integer</attrtype><attwidth Sync="TRUE">10</attwidth><atprecis Sync="TRUE">10</atprecis><attscale Sync="TRUE">0</attscale></attr><attr><attrlabl Sync="TRUE">edu_juni_3</attrlabl><attalias Sync="TRUE">edu_juni_3</attalias><attrtype Sync="TRUE">Integer</attrtype><attwidth Sync="TRUE">10</attwidth><atprecis Sync="TRUE">10</atprecis><attscale Sync="TRUE">0</attscale></attr><attr><attrlabl Sync="TRUE">edu_juni_4</attrlabl><attalias Sync="TRUE">edu_juni_4</attalias><attrtype Sync="TRUE">Integer</attrtype><attwidth Sync="TRUE">10</attwidth><atprecis Sync="TRUE">10</atprecis><attscale Sync="TRUE">0</attscale></attr><attr><attrlabl Sync="TRUE">edu_juni_5</attrlabl><attalias Sync="TRUE">edu_juni_5</attalias><attrtype Sync="TRUE">Integer</attrtype><attwidth Sync="TRUE">10</attwidth><atprecis Sync="TRUE">10</atprecis><attscale Sync="TRUE">0</attscale></attr><attr><attrlabl Sync="TRUE">edu_juni_6</attrlabl><attalias Sync="TRUE">edu_juni_6</attalias><attrtype Sync="TRUE">Integer</attrtype><attwidth Sync="TRUE">10</attwidth><atprecis Sync="TRUE">10</atprecis><attscale Sync="TRUE">0</attscale></attr><attr><attrlabl Sync="TRUE">edu_juni_7</attrlabl><attalias Sync="TRUE">edu_juni_7</attalias><attrtype Sync="TRUE">Integer</attrtype><attwidth Sync="TRUE">10</attwidth><atprecis Sync="TRUE">10</atprecis><attscale Sync="TRUE">0</attscale></attr><attr><attrlabl Sync="TRUE">edu_senior</attrlabl><attalias Sync="TRUE">edu_senior</attalias><attrtype Sync="TRUE">Integer</attrtype><attwidth Sync="TRUE">10</attwidth><atprecis Sync="TRUE">10</atprecis><attscale Sync="TRUE">0</attscale></attr><attr><attrlabl Sync="TRUE">edu_seni_1</attrlabl><attalias Sync="TRUE">edu_seni_1</attalias><attrtype Sync="TRUE">Integer</attrtype><attwidth Sync="TRUE">10</attwidth><atprecis Sync="TRUE">10</atprecis><attscale Sync="TRUE">0</attscale></attr><attr><attrlabl Sync="TRUE">edu_seni_2</attrlabl><attalias Sync="TRUE">edu_seni_2</attalias><attrtype Sync="TRUE">Integer</attrtype><attwidth Sync="TRUE">10</attwidth><atprecis Sync="TRUE">10</atprecis><attscale Sync="TRUE">0</attscale></attr><attr><attrlabl Sync="TRUE">edu_seni_3</attrlabl><attalias Sync="TRUE">edu_seni_3</attalias><attrtype Sync="TRUE">Integer</attrtype><attwidth Sync="TRUE">10</attwidth><atprecis Sync="TRUE">10</atprecis><attscale Sync="TRUE">0</attscale></attr><attr><attrlabl Sync="TRUE">edu_seni_4</attrlabl><attalias Sync="TRUE">edu_seni_4</attalias><attrtype Sync="TRUE">Integer</attrtype><attwidth Sync="TRUE">10</attwidth><atprecis Sync="TRUE">10</atprecis><attscale Sync="TRUE">0</attscale></attr><attr><attrlabl Sync="TRUE">edu_seni_5</attrlabl><attalias Sync="TRUE">edu_seni_5</attalias><attrtype Sync="TRUE">Integer</attrtype><attwidth Sync="TRUE">10</attwidth><atprecis Sync="TRUE">10</atprecis><attscale Sync="TRUE">0</attscale></attr><attr><attrlabl Sync="TRUE">edu_seni_6</attrlabl><attalias Sync="TRUE">edu_seni_6</attalias><attrtype Sync="TRUE">Integer</attrtype><attwidth Sync="TRUE">10</attwidth><atprecis Sync="TRUE">10</atprecis><attscale Sync="TRUE">0</attscale></attr><attr><attrlabl Sync="TRUE">edu_seni_7</attrlabl><attalias Sync="TRUE">edu_seni_7</attalias><attrtype Sync="TRUE">Integer</attrtype><attwidth Sync="TRUE">10</attwidth><atprecis Sync="TRUE">10</atprecis><attscale Sync="TRUE">0</attscale></attr><attr><attrlabl Sync="TRUE">edu_juni_8</attrlabl><attalias Sync="TRUE">edu_juni_8</attalias><attrtype Sync="TRUE">Integer</attrtype><attwidth Sync="TRUE">10</attwidth><atprecis Sync="TRUE">10</atprecis><attscale Sync="TRUE">0</attscale></attr><attr><attrlabl Sync="TRUE">edu_juni_9</attrlabl><attalias Sync="TRUE">edu_juni_9</attalias><attrtype Sync="TRUE">Integer</attrtype><attwidth Sync="TRUE">10</attwidth><atprecis Sync="TRUE">10</atprecis><attscale Sync="TRUE">0</attscale></attr><attr><attrlabl Sync="TRUE">edu_jun_10</attrlabl><attalias Sync="TRUE">edu_jun_10</attalias><attrtype Sync="TRUE">Integer</attrtype><attwidth Sync="TRUE">10</attwidth><atprecis Sync="TRUE">10</atprecis><attscale Sync="TRUE">0</attscale></attr><attr><attrlabl Sync="TRUE">edu_jun_11</attrlabl><attalias Sync="TRUE">edu_jun_11</attalias><attrtype Sync="TRUE">Integer</attrtype><attwidth Sync="TRUE">10</attwidth><atprecis Sync="TRUE">10</atprecis><attscale Sync="TRUE">0</attscale></attr><attr><attrlabl Sync="TRUE">edu_jun_12</attrlabl><attalias Sync="TRUE">edu_jun_12</attalias><attrtype Sync="TRUE">Integer</attrtype><attwidth Sync="TRUE">10</attwidth><atprecis Sync="TRUE">10</atprecis><attscale Sync="TRUE">0</attscale></attr><attr><attrlabl Sync="TRUE">edu_jun_13</attrlabl><attalias Sync="TRUE">edu_jun_13</attalias><attrtype Sync="TRUE">Integer</attrtype><attwidth Sync="TRUE">10</attwidth><atprecis Sync="TRUE">10</atprecis><attscale Sync="TRUE">0</attscale></attr><attr><attrlabl Sync="TRUE">edu_jun_14</attrlabl><attalias Sync="TRUE">edu_jun_14</attalias><attrtype Sync="TRUE">Integer</attrtype><attwidth Sync="TRUE">10</attwidth><atprecis Sync="TRUE">10</atprecis><attscale Sync="TRUE">0</attscale></attr><attr><attrlabl Sync="TRUE">edu_jun_15</attrlabl><attalias Sync="TRUE">edu_jun_15</attalias><attrtype Sync="TRUE">Integer</attrtype><attwidth Sync="TRUE">10</attwidth><atprecis Sync="TRUE">10</atprecis><attscale Sync="TRUE">0</attscale></attr><attr><attrlabl Sync="TRUE">edu_jun_16</attrlabl><attalias Sync="TRUE">edu_jun_16</attalias><attrtype Sync="TRUE">Integer</attrtype><attwidth Sync="TRUE">10</attwidth><atprecis Sync="TRUE">10</atprecis><attscale Sync="TRUE">0</attscale></attr><attr><attrlabl Sync="TRUE">edu_jun_17</attrlabl><attalias Sync="TRUE">edu_jun_17</attalias><attrtype Sync="TRUE">Integer</attrtype><attwidth Sync="TRUE">10</attwidth><atprecis Sync="TRUE">10</atprecis><attscale Sync="TRUE">0</attscale></attr><attr><attrlabl Sync="TRUE">edu_primar</attrlabl><attalias Sync="TRUE">edu_primar</attalias><attrtype Sync="TRUE">Integer</attrtype><attwidth Sync="TRUE">10</attwidth><atprecis Sync="TRUE">10</atprecis><attscale Sync="TRUE">0</attscale></attr><attr><attrlabl Sync="TRUE">edu_prim_1</attrlabl><attalias Sync="TRUE">edu_prim_1</attalias><attrtype Sync="TRUE">Integer</attrtype><attwidth Sync="TRUE">10</attwidth><atprecis Sync="TRUE">10</atprecis><attscale Sync="TRUE">0</attscale></attr><attr><attrlabl Sync="TRUE">edu_prim_2</attrlabl><attalias Sync="TRUE">edu_prim_2</attalias><attrtype Sync="TRUE">Integer</attrtype><attwidth Sync="TRUE">10</attwidth><atprecis Sync="TRUE">10</atprecis><attscale Sync="TRUE">0</attscale></attr><attr><attrlabl Sync="TRUE">edu_prim_3</attrlabl><attalias Sync="TRUE">edu_prim_3</attalias><attrtype Sync="TRUE">Integer</attrtype><attwidth Sync="TRUE">10</attwidth><atprecis Sync="TRUE">10</atprecis><attscale Sync="TRUE">0</attscale></attr><attr><attrlabl Sync="TRUE">edu_selfta</attrlabl><attalias Sync="TRUE">edu_selfta</attalias><attrtype Sync="TRUE">Integer</attrtype><attwidth Sync="TRUE">10</attwidth><atprecis Sync="TRUE">10</atprecis><attscale Sync="TRUE">0</attscale></attr><attr><attrlabl Sync="TRUE">edu_self_1</attrlabl><attalias Sync="TRUE">edu_self_1</attalias><attrtype Sync="TRUE">Integer</attrtype><attwidth Sync="TRUE">10</attwidth><atprecis Sync="TRUE">10</atprecis><attscale Sync="TRUE">0</attscale></attr><attr><attrlabl Sync="TRUE">edu_illite</attrlabl><attalias Sync="TRUE">edu_illite</attalias><attrtype Sync="TRUE">Integer</attrtype><attwidth Sync="TRUE">10</attwidth><atprecis Sync="TRUE">10</atprecis><attscale Sync="TRUE">0</attscale></attr><attr><attrlabl Sync="TRUE">edu_illi_1</attrlabl><attalias Sync="TRUE">edu_illi_1</attalias><attrtype Sync="TRUE">Integer</attrtype><attwidth Sync="TRUE">10</attwidth><atprecis Sync="TRUE">10</atprecis><attscale Sync="TRUE">0</attscale></attr><attr><attrlabl Sync="TRUE">COUNTYNA_1</attrlabl><attalias Sync="TRUE">COUNTYNA_1</attalias><attrtype Sync="TRUE">String</attrtype><attwidth Sync="TRUE">254</attwidth><atprecis Sync="TRUE">0</atprecis><attscale Sync="TRUE">0</attscale></attr><attr><attrlabl Sync="TRUE">District_N</attrlabl><attalias Sync="TRUE">District_N</attalias><attrtype Sync="TRUE">String</attrtype><attwidth Sync="TRUE">254</attwidth><atprecis Sync="TRUE">0</atprecis><attscale Sync="TRUE">0</attscale></attr><attr><attrlabl Sync="TRUE">District_I</attrlabl><attalias Sync="TRUE">District_I</attalias><attrtype Sync="TRUE">Integer</attrtype><attwidth Sync="TRUE">10</attwidth><atprecis Sync="TRUE">10</atprecis><attscale Sync="TRUE">0</attscale></attr><attr><attrlabl Sync="TRUE">TOWNNAME_1</attrlabl><attalias Sync="TRUE">TOWNNAME_1</attalias><attrtype Sync="TRUE">String</attrtype><attwidth Sync="TRUE">254</attwidth><atprecis Sync="TRUE">0</atprecis><attscale Sync="TRUE">0</attscale></attr><attr><attrlabl Sync="TRUE">VILLNAME_1</attrlabl><attalias Sync="TRUE">VILLNAME_1</attalias><attrtype Sync="TRUE">String</attrtype><attwidth Sync="TRUE">254</attwidth><atprecis Sync="TRUE">0</atprecis><attscale Sync="TRUE">0</attscale></attr><attr><attrlabl Sync="TRUE">TAXID</attrlabl><attalias Sync="TRUE">TAXID</attalias><attrtype Sync="TRUE">Integer</attrtype><attwidth Sync="TRUE">10</attwidth><atprecis Sync="TRUE">10</atprecis><attscale Sync="TRUE">0</attscale></attr><attr><attrlabl Sync="TRUE">TTL_INCOME</attrlabl><attalias Sync="TRUE">TTL_INCOME</attalias><attrtype Sync="TRUE">Integer</attrtype><attwidth Sync="TRUE">10</attwidth><atprecis Sync="TRUE">10</atprecis><attscale Sync="TRUE">0</attscale></attr><attr><attrlabl Sync="TRUE">AVG</attrlabl><attalias Sync="TRUE">AVG</attalias><attrtype Sync="TRUE">Integer</attrtype><attwidth Sync="TRUE">10</attwidth><atprecis Sync="TRUE">10</atprecis><attscale Sync="TRUE">0</attscale></attr><attr><attrlabl Sync="TRUE">MEDIAN</attrlabl><attalias Sync="TRUE">MEDIAN</attalias><attrtype Sync="TRUE">Integer</attrtype><attwidth Sync="TRUE">10</attwidth><atprecis Sync="TRUE">10</atprecis><attscale Sync="TRUE">0</attscale></attr><attr><attrlabl Sync="TRUE">QUANTILE1</attrlabl><attalias Sync="TRUE">QUANTILE1</attalias><attrtype Sync="TRUE">Integer</attrtype><attwidth Sync="TRUE">10</attwidth><atprecis Sync="TRUE">10</atprecis><attscale Sync="TRUE">0</attscale></attr><attr><attrlabl Sync="TRUE">QUANTILE3</attrlabl><attalias Sync="TRUE">QUANTILE3</attalias><attrtype Sync="TRUE">Integer</attrtype><attwidth Sync="TRUE">10</attwidth><atprecis Sync="TRUE">10</atprecis><attscale Sync="TRUE">0</attscale></attr><attr><attrlabl Sync="TRUE">STD</attrlabl><attalias Sync="TRUE">STD</attalias><attrtype Sync="TRUE">Double</attrtype><attwidth Sync="TRUE">19</attwidth><atprecis Sync="TRUE">0</atprecis><attscale Sync="TRUE">0</attscale></attr><attr><attrlabl Sync="TRUE">VAR</attrlabl><attalias Sync="TRUE">VAR</attalias><attrtype Sync="TRUE">Double</attrtype><attwidth Sync="TRUE">19</attwidth><atprecis Sync="TRUE">0</atprecis><attscale Sync="TRUE">0</attscale></attr><attr><attrlabl Sync="TRUE">Shape_Leng</attrlabl><attalias Sync="TRUE">Shape_Leng</attalias><attrtype Sync="TRUE">Double</attrtype><attwidth Sync="TRUE">19</attwidth><atprecis Sync="TRUE">0</atprecis><attscale Sync="TRUE">0</attscale></attr><attr><attrlabl Sync="TRUE">Shape_Area</attrlabl><attalias Sync="TRUE">Shape_Area</attalias><attrtype Sync="TRUE">Double</attrtype><attwidth Sync="TRUE">19</attwidth><atprecis Sync="TRUE">0</atprecis><attscale Sync="TRUE">0</attscale><attrdef Sync="TRUE">Area of feature in internal units squared.</attrdef><attrdefs Sync="TRUE">Esri</attrdefs><attrdomv><udom Sync="TRUE">Positive real numbers that are automatically generated.</udom></attrdomv></attr></detailed></eainfo><mdDateSt Sync="TRUE">20221202</mdDateSt></metadata>
